URL-сайта,Решение аспро,Email,Телефон
https://wheelshops.ru,Аспро: Максимум,info@wheelshops.ru,+79636776800
https://am-light.ru,Аспро: Лайтшоп,info@am-light.ru,+74951234687
https://lordauto.fashion,Аспро: Максимум,info@lord-auto61.ru,+78005500777
https://alarmservice-region.ru,Аспро: Корпоративный сайт 3.0,sm-ekb@csat.ru,+73432716522
https://chamz.ru,,info@chamz.ru,88006006874
https://bakor.pro,Аспро: Максимум,zavod@bakor.pro,88005501595
https://www.polusplus.ru,Аспро: Шины и диски 2.0,,88005510918
https://pro-ekip.ru,Аспро: Next,info@pro-ekip.ru,+74993509587
https://www.decoart.ru,Аспро: Максимум,art@decoart.ru,+79672505143
https://polesie-igrushki.ru,Аспро: Максимум,polesie-igrushki@yandex.ru,84956699637
https://pridanoe.ru,Аспро: Максимум,shop@pridanoe.ru,88005505745
https://рулевой.рф,Аспро: Шины и диски 2.0,e-shop@shinat.ru,+73517299232
https://zamkivsem.ru,Аспро: Максимум,2211@zamkivsem.ru,+79663366504
https://motoland-shop.ru,Аспро: Максимум,shop@motoland-russia.ru,8 (800) 511-40-11
https://aristo-system.ru,Аспро: Next,info@aristo-system.ru,+74994042623
https://www.instrument18.ru,Аспро: Оптимус,info@instrument18.ru,89120532107
https://dm-med.ru,Аспро: Медицинский центр 3.0,d.medicina@mail.ru,+79507412211
https://gkeratin.ru,Аспро: Маркет,,+78005050984
https://www.med-vedik.ru,Аспро: Медицинский центр 2.0,info@med-vedik.ru,+74962557881
https://nv-clinic.ru,Аспро: Медицинский центр 3.0,info@bx54271.rdock.ru,+74954814004
https://camilladeluxe.ru,Аспро: Максимум,info@camilladeluxe.ru,+73833054456
https://top-faces.ru,Аспро: Корпоративный сайт 3.0,make@top-faces.ru,+79263294990
https://www.pari4ok.ru,Аспро: Лайтшоп,pari4ok.pari4ok@yandex.ru,+78005007818
https://vzk-life.ru,Аспро: Медицинский центр 2.0,,+89859990921
https://www.heybabescosmetics.com,Аспро: Максимум,info@heybabescosmetics.com,
https://seotemple.ru,,info-msk@seotemple.ru,+74991131374
https://uik.su,Аспро: Корпоративный сайт 3.0,info@uik.su,88005515180
https://vira-atmosfera.ru,Аспро: Корпоративный сайт 3.0,,+78469901833
https://cosmetic-club.ru,Аспро: Медицинский центр 3.0,,
https://ivs-corp.ru,Аспро: Корпоративный сайт 2.0,sales@ics.perm.ru,+73422385200
https://fialka-express.ru,Аспро: Корпоративный сайт 3.0,info@fialkaexpress.ru,+78452773270
https://klisko.ru,Аспро: Next,klisko.office@mail.ru,+74012430400
https://wintramedia.ru,,info@wintramedia.ru,88463002169
https://msppk.ru,Аспро: Корпоративный сайт 2.0,,88003008090
https://crm-lab.ru,Аспро: Digital,bitrix24@expresslab.ru,+73472119105
https://townhouse-samaranta.ru,Аспро: Корпоративный сайт 3.0,kvartira@gk-vira.ru,+78469901833
https://www.smw.ru,,smw@smw.ru,+73425351171
https://lidershpal.ru,Аспро: Корпоративный сайт 2.0,,+78003021171
https://metbazaspb.ru,Аспро: Корпоративный сайт 2.0,info@stalleon.ru,+78124383827
https://generatormarket.ru,Аспро: Максимум,sale@generatormarket.ru,+74993501269
https://akron-techno.ru,Аспро: Максимум,,
https://beltools.ru,Аспро: Максимум,info@beltools.ru,88003505658
https://alpenbox.com,Аспро: Максимум,info@alpenbox.com,88002505020
https://slkrous.ru,Аспро: Корпоративный сайт 3.0,info@slkrous.ru,+78462054088
https://millennium-school.ru,Аспро: Корпоративный сайт 3.0,info@millennium-school.ru,+73912699363
https://китайский.рф,Аспро: Корпоративный сайт 3.0,info@xn--80apbdbbd9cg.xn--p1ai,+78003027428
https://gorlinia.ru,Аспро: Максимум,gorlinia@mail.ru,+79264998099
https://sevzapakb.ru,Аспро: Корпоративный сайт современной компании,,+79626991033
https://itlect.kz,Аспро: Digital,info@itlect.kz,+77273909200
https://obrazovaniers.ru,Аспро: Максимум,info@obrazovaniers.ru,+74992200120
https://brightcenter.ru,Аспро: Детский сад и образовательный центр,bright@brightcenter.ru,+79255348885
https://umiic.ru,Аспро: Корпоративный сайт 3.0,umiic.yaroslavl@yarregion.ru,+74852234025
https://neurotrampoline.com,Аспро: Детский сад и образовательный центр,info@neuro-trampoline.com,+79830651366
https://www.motmarket.ru,Аспро: Максимум,info@motmarket.ru,+78001002844
https://perspekt174.ru,,info@perspekt174.ru,+73517000160
https://uc-amplituda.ru,Аспро: Детский сад и образовательный центр,u-center@amplituda.ru,+74957771359
https://твой-зачёт.рф,Аспро: Корпоративный сайт 2.0,info@185.119.58.94,tel:+7%C2%A0977%C2%A07626060
https://pak-sar.ru,Аспро: Шины и диски 2.0,pak_on@mail.ru,89616419203
https://motari.ru,Аспро: Оптимус,info@motari.ru,+74232390900
https://bigblockmotors.ru,Аспро: Лайтшоп,info@bigblockmotors.ru,+74952607020
https://remkomauto.ru,Аспро: Next,zakaz@remkomauto.ru,+79282159565
https://motostyles.by,Аспро: Лайтшоп,shop@motostylesby.ru,+375292177747
https://technobelt.ru,Аспро: Максимум,ave@tbelt.ru,+74955106770
https://cizaragro.com,Аспро: Максимум,cizar.agro@mail.ru,88004441184
https://klisko.ru,Аспро: Next,klisko.office@mail.ru,+74012430400
https://liquitech.ru,Аспро: Максимум,info@liquitech.ru,+73833751877
https://magbo.ru,Аспро: Next,info@magbo.ru,+79781705075
https://welldesk.by,Аспро: Максимум,info@welldesk.by,+375173885956
https://artwooddesign.ru,Аспро: Корпоративный сайт 2.0,moscow@artwooddesign.ru,+79139221590
https://karkasniydom.com,Аспро: Стройка 2.0,Info@karkasniydom.com,+74993904779
https://zamki-vek.ru,Аспро: Next,info@zamki-vek.ru,+73432021901
https://lionroom.ru,Аспро: Максимум,sale@lionroom.ru,+79281187290
https://podkolesom.ru,Аспро: Шины и диски 2.0,,
https://zootopia.kz,Аспро: Максимум,info@zootopia.kz,+77472053000
https://vipzakon.ru,Аспро: Корпоративный сайт 2.0,,
https://webka-marketing.ru,,zapros@webka-marketing.ru,+74997060045
https://www.cons-center.ru,,info@cons-center.ru,+79257775252
https://atdomnsk.ru,Аспро: Корпоративный сайт 2.0,info@atdomnsk.ru,+73833732868
https://nw-engineering.ru,Аспро: Максимум,info@nw-engineering.ru,+74951200883
https://www.igaze.ru,Аспро: Digital,info@igaze.ru,+74954658012
https://ovk-volga.ru,Аспро: Корпоративный сайт 3.0,,
https://btpnsk.ru,Аспро: Инжиниринг,btp@btp-nsk.ru,+73833190001
https://profil-les.ru,Аспро: Стройка,proles35@gmail.com,79535224001
https://vitamedrf.ru,Аспро: Корпоративный сайт 3.0,info@vitamedrf.ru,+7(495)260-12-28
https://molodo.ru,Аспро: Медицинский центр 3.0,,
https://atdomnsk.ru,Аспро: Корпоративный сайт 2.0,info@atdomnsk.ru,+73833732868
https://glavapt.ru,Аспро: Максимум,manager@glapt.ru,88003501502
https://madeinudmurtia.ru,,info@madeinudmurtia.ru,+73412220000
https://ledia.shop,Аспро: Максимум,info@ledia.shop,+79190414949
https://www.ferika.ru,Аспро: Next,info@ferika.ru,83832135737
https://v-dent24.ru,Аспро: Медицинский центр 3.0,info@v-dent24.ru,+73435352211
https://amdlab39.ru,Аспро: Медицинский центр 3.0,amd.kaliningrad2015@gmail.com,+7 (4012) 398-398
https://ckmedcentre.ru,Аспро: Медицинский центр 3.0,info@ckmedcentre.ru,+74959926550
https://dhf-tools.ru,Аспро: Максимум,sale@dhf-tools.ru,+73422882347
https://life-vl.ru,Аспро: Медицинский центр 3.0,life397777@mail.ru,+74232397777
https://dionashop.kz,Аспро: Максимум,info@dionashop.kz,+77719290050
https://lmz74.ru,Аспро: Корпоративный сайт 2.0,Lmz@Lmz74.ru,88001000174
https://sd-tula.ru,Аспро: Ландшафт,sdtula@bk.ru,+74872792617
https://livam.pro,Аспро: Next,livam@livam.ru,88003010861
https://mt-rus.ru,Аспро: Next,opt@mt-rus.ru,88005556187
https://www.lift-prom.ru,Аспро: Корпоративный сайт 3.0,info@lift-prom.ru,88005008068
https://uprawa.ru,Аспро: Оптимус,spb.sales@uprawa.ru,+7 (812) 407-23-53
https://gardarikamarket.ru,Аспро: Next,info@gardarikamarket.ru,+74993432726
https://samins.kz,Аспро: Лайтшоп,info@samins.kz,+77273109980
https://ucpgss.ru,,Urzhumov-YM@globse.com,+79124827835
https://likey.su,Аспро: Корпоративный сайт 2.0,info@likey.su,tel:4822705686
https://leica-shop.ru,Аспро: Next,info@leica-shop.ru,+7 (495) 134-36-61
https://acee59.ru,,ccee-59@yandex.ru,+73422009699
https://posudacenter.ru,Аспро: Next,,
https://sfsca.ru,,office@sfsca.ru,+73833481440
https://ccm.nstu.ru,Аспро: Корпоративный сайт 3.0,kaf_mm@corp.nstu.ru,+73833460612
https://case-club.nstu.ru,Аспро: Корпоративный сайт 3.0,e.kornienko@corp.nstu.ru,+73833461171
https://fsbars.kz,Аспро: Детский сад и образовательный центр,info@fsbars.kz,+77052197908
https://medical-training.ru,,office@nmo.center,88007076522
https://atg-howo.ru,Аспро: Корпоративный сайт 3.0,info@atg-auto.ru,+74950110914
https://zoomlion-bel.by,Аспро: Приорити 2.0,,+375175910241
https://hrconsalting.ru,Аспро: Корпоративный сайт 3.0,info@hrconsalting.ru,+79372980388
https://grillo.by,Аспро: Корпоративный сайт 3.0,info@grillo.by,
https://globusabc.ru,Аспро: Медицинский центр 2.0,globusabc@yandex.ru,+79124839018
https://energreen.by,Аспро: Корпоративный сайт 3.0,info@energreen.by,+375173190808
https://шинснаб.рф,Аспро: Шины и диски 2.0,info@samara-shinsnab.ru,88002501807
https://matra.by,Аспро: Корпоративный сайт 3.0,info@matra.by,+375173190808
https://tavtomash.ru,Аспро: Лайтшоп,,
https://gkml.group,Аспро: Next,info@gkml.group,+74951345426
https://rodnoi74.ru,Аспро: Стройка,info@rodnoi74.ru,+73512149343
https://my-step.ru,Аспро: Максимум,info@my-step.ru,+74957489220
https://bystroymarket.ru,Аспро: Лайтшоп,info@bystroymarket.ru,+78126482474
https://moto85.ru,Аспро: Максимум,moto@moto85.ru,+74953800977
https://www.moy-dom27.ru,Аспро: Максимум,info@moy-dom27.ru,+74212403999
https://profil-les.ru,Аспро: Стройка,proles35@gmail.com,79535224001
https://tekko-center.ru,Аспро: Автосервис,,
https://mdf39.ru,Аспро: Максимум,info@mdf39.ru,tel:521129
https://zoomir1.ru,Аспро: Next,zoomir1ru@yandex.ru,88452734935
https://altakomplekt.ru,Аспро: Максимум,mail@altakomplekt.ru,+74952867659
https://www.m-postel.ru,Аспро: Максимум,info@m-postel.ru,+74956659065
https://aksess.ru,Аспро: Корпоративный сайт 3.0,partner@aksess.ru,+74994442064
https://kotelsales.ru,Аспро: Максимум,e5klimat@yandex.ru,+79994019000
https://sklad.moscow,Аспро: Корпоративный сайт 3.0,,
https://office-dv.ru,Аспро: Next,info@office-dv.ru,88007006665
https://uralresurs.com,Аспро: Стройка,info@uralresurs.com,8-343-287-92-92
https://gbsoft.by,Аспро: Корпоративный сайт 3.0,info@gbsoft.by,+375293758585
https://pattaya-grad.com,Аспро: Стройка,pattayagradsale@gmail.com,+66801513111
https://masterprint.kz,Аспро: Next,trade5@masterprint.kz,+77785553863
https://asem.kz,Аспро: Максимум,info@asem.kz,+77089107573
https://umos-stom.ru,Аспро: Максимум,umos-stom@mail.ru,88003004987
https://wkmed.by,Аспро: Максимум,info@wkmed.by,+375296129303
https://dominantamedc.ru,Аспро: Медицинский центр 3.0,mail@dominantamedc.ru,+73435341403
https://centrdocmed.ru,Аспро: Медицинский центр 3.0,info@centrdocmed.ru,+79144000027
https://aestelior.ru,Аспро: Лайтшоп,info@aestelior.ru,+78126100567
https://carpetmasterufa.ru,Аспро: Лайтшоп,,
https://vasilisakosmet.ru,Аспро: Корпоративный сайт 3.0,vasilisakosmet@mail.ru,+79851891333
https://tajfun.ru,Аспро: Максимум,info@tajfun.ru,+74952601045
https://medtourism.group,Аспро: Корпоративный сайт 3.0,,
https://iconbeauty.ru,Аспро: Максимум,info@iconbeauty.ru,+79191236010
https://ufaimpuls.ru,Аспро: Медицинский центр 3.0,ufa.impuls@mail.ru,+73472238899
https://msc-russia.ru,Аспро: Корпоративный сайт 3.0,info@medservice-center.ru,+78482790809
https://petroprime.ru,Аспро: Максимум,zakaz@petroprime.ru,+74732284800
https://stankoteam.ru,Аспро: Корпоративный сайт 2.0,stanki@stankoteam.ru,+74994093611
https://necro21.ru,Аспро: Лайтшоп,nekropol21vek@yandex.ru,+73833630255
https://progmatic-cctv.ru,Аспро: Корпоративный сайт 3.0,progmatic@bic-inform.ru,+78124479555
https://praktikum.kz,Аспро: Максимум,praktikum_uk@mail.ru,+77058099499
https://cf-ural.ru,Аспро: Инжиниринг,info@cf-ural.ru,+73422320090
https://compas-r.ru,Аспро: Корпоративный сайт 3.0,sales@compas-r.ru,+70000000000
https://stankit.pro,Аспро: Корпоративный сайт 3.0,info@stankit.pro,89379891938
https://dtj.kz,,info@dtj.kz,87172792972
https://berst59.ru,Аспро: Медицинский центр 2.0,berst@mail.ru,+73424261217
https://kitspo59.ru,Аспро: Медицинский центр 2.0,kit@kitspo.permkrai.ru,+73422217050
https://stroineftperm.com,,ano-gpm@yandex.ru,+73422773413
https://niist-dpo.ru,Аспро: Корпоративный сайт 3.0,info@dponiist.tmweb.ru,88007707559
https://fpk.nstu.ru,Аспро: Корпоративный сайт современной компании,,
https://ucto.perm.ru,Аспро: Медицинский центр 2.0,ucto@ucto.perm.ru,+73422061484
https://www.sshbn.ru,Аспро: Корпоративный сайт современной компании,lib@sshbn.ru,83832254778
https://trailercom.ru,Аспро: Максимум,info@trailercom.ru,+79163221065
https://publish.nstu.ru,Аспро: Корпоративный сайт,office@publish.nstu.ru,+73833463187
https://car-labaz.org,Аспро: Лайтшоп,car-labaz@car-labaz.com,+74993508500
https://delza.ru,Аспро: Маркет,,+78442511010
https://nka.by,Аспро: Next,info@nka.by,+375296013737
https://sbg.kz,Аспро: Корпоративный сайт 3.0,info@sbg.kz,77783696673
https://mol34.ru,Аспро: Оптимус,info@mol34.ru,+79950279610
https://shell-volgograd.ru,Аспро: Маркет,e-shop34@oii-volgograd.ru,+78442511010
https://zakolesami.online,Аспро: Шины и диски 2.0,sale@zakolesami.online,tel:+7846211%E2%80%9203%E2%80%9205%D0%A1%D0%B0%D0%BC%D0%B0%D1%80%D0%B0
https://timeturbo.ru,Аспро: Лайтшоп,,88002220163
https://alumfire.ru,Аспро: Корпоративный сайт 3.0,info@alumfire.ru,+79935899018
https://orgpol.com,Аспро: Корпоративный сайт 3.0,orgpol@orgpol.com,+78127401754
https://magazin01.ru,Аспро: Максимум,01@magazin01.ru,+74959830101
https://ofbars.ru,Аспро: Корпоративный сайт 3.0,barsohrana@mail.ru,+73822977709
https://easy-do.ru,Аспро: Корпоративный сайт 3.0,upr.buhgalter@mail.ru,89251979378
https://novo-sil.ru,Аспро: Корпоративный сайт 3.0,sale@novo-sil.ru,tel:86496451
https://innostage-group.ru,,info@innostage-group.ru,+78435674290
https://finteh.su,Аспро: Стройка 2.0,info@finteh.su,
https://chisto.io,Аспро: Корпоративный сайт 3.0,feedback@chisto.io,+79180039494
https://ledia.shop,Аспро: Максимум,info@ledia.shop,+79190414949
https://elitdom-ufa.ru,Аспро: Лайтшоп,,+79870555330
https://vegard-dveri.ru,Аспро: Максимум,vegard.info@yandex.ru,+73453525520
https://new.venus-online.ru,Аспро: Максимум,order@venus-online.ru,+79009110199
https://uralresurs.com,Аспро: Стройка,info@uralresurs.com,+78612064557
https://uldveri.ru,Аспро: Корпоративный сайт 3.0,uldveri73@mail.ru,+79041960101
https://575.by,Аспро: Лайтшоп,info@575.by,+375295750660
https://kubometr.by,Аспро: Максимум,info@zsm.by,+375291593333
https://keremetsantech.kz,Аспро: Максимум,,
https://medstan24.ru,Аспро: Медицинский центр 3.0,info@medstan24.ru,+79274739858
https://snabshop.kz,Аспро: Максимум,order@snabshop.kz,
https://estelpro.by,Аспро: Максимум,order@estelpro.by,+375293653107
https://kormoteka.ru,Аспро: Маркет,,8-800-250-12-16
https://nasokah.ru,Аспро: Максимум,info@nasokah.ru,+78003016757
https://nowfoods.pro,Аспро: Корпоративный сайт 3.0,info@nowfoods.pro,+74957405147
https://cosmetologyworld.ru,Аспро: Корпоративный сайт 3.0,info@cosmetologyworld.ru,88006002047
https://delobeauty.ru,Аспро: Максимум,info@delobeauty.ru,+78006007608
https://aivimed.ru,Аспро: Медицинский центр 3.0,info@aivimed.ru,+73942222277
https://premium-med.ru,Аспро: Максимум,info@premium-med.ru,88003330010
https://pro-ekip.ru,Аспро: Next,info@pro-ekip.ru,+74993509587
https://angelinamc.ru,Аспро: Медицинский центр 2.0,medcentr_angelina@mail.ru,+79785700003
https://specnazdv.ru,Аспро: Максимум,info@specnazdv.ru,88003017667
https://reginabottini.ru,Аспро: Next,coop@reginabottini.ru,+73832641700
https://timestore.ru,Аспро: Next,manager@timestore.ru,84951378449
https://www.pari4ok.ru,Аспро: Лайтшоп,pari4ok.pari4ok@yandex.ru,+78005007818
https://kupiremen.ru,Аспро: Next,info@kupiremen.ru,
https://altayteka.ru,Аспро: Лайтшоп,,+79393851212
https://luccello.ru,Аспро: Максимум,,
https://beregi.su,Аспро: Максимум,info@beregi.su,+79990953030
https://banks-expert.ru,,,
https://shilco.ru,Аспро: Маркет,,8(383)265-17-72
https://sgm-eng.ru,Аспро: Инжиниринг,mail@sgm-eng.ru,88003330772
https://artig.shop,Аспро: Максимум,artigjewelry@mail.ru,
https://ieos.su,,info@ieos.su,+74995196577
https://ex-komplekt.ru,Аспро: Корпоративный сайт 3.0,info@ex-komplekt.ru,+79022807599
https://forming.group,Аспро: Максимум,forming@forming.group,88126400864
https://gk-company.ru,Аспро: Оптимус,sales@gk-company.ru,+78442253999
https://gttrade.by,Аспро: Металл,gttrade.by@gmail.com,tel:7698
https://gasmarket.ru,Аспро: Максимум,info@gasmarket.ru,+74952551838
https://prom-teplitsa.ru,Аспро: Корпоративный сайт 3.0,info@prom-teplitsa.ru,+78122194757
https://uibcom.ru,Аспро: Приорити 2.0,info@uibcom.ru,88007079497
https://new.strat96.ru,Аспро: Максимум,sales@strat96.ru,+79120527493
https://tcpoisk.ru,Аспро: Оптимус,info@tcpoisk.ru,+7(985)768-68-23
https://testo-rus.ru,Аспро: Максимум,info@t-tools.ru,88005112018
https://bd163.ru,Аспро: Корпоративный сайт 3.0,info@bd163.ru,+78469729163
https://sbpriorat.ru,Аспро: Корпоративный сайт 2.0,info@sbpriorat.ru,+79999377381
https://romanova-1s.ru,Аспро: Корпоративный сайт 3.0,chita1c-romanova@mail.ru,+73022400901
https://abcprofit.ru,Аспро: Корпоративный сайт 3.0,info@abcprofit.ru,78007006594
https://psm-s.ru,Аспро: Корпоративный сайт 3.0,promstroimontag-s@mail.ru,+78462030093
https://redhan.ru,Аспро: Корпоративный сайт 3.0,info@redhan.ru,88002225409
https://crematori-nsk.ru,Аспро: Корпоративный сайт 3.0,info@crematori-nsk.ru,+79139273223
https://ars-board.ru,Аспро: Корпоративный сайт 3.0,,
https://instra.pro,Аспро: Максимум,info@instra.pro,+7 (499) 677-59-57
https://globalposition.ru,,info@gps.globalposition.ru,+78005552168
https://re-tuning.ru,Аспро: Лайтшоп,info@rtg-auto.ru,+79197777392
https://auto-sila.by,Аспро: Максимум,info@auto-sila.by,+375291251314
https://titan.parts,Аспро: Максимум,y.gerasiuto@titanium.parts,88003014454
https://auto-rota.ru,Аспро: Шины и диски 2.0,info@auto-rota.ru,88003017474
https://supersoco-russia.ru,Аспро: Лайтшоп,info@supersoco-russia.ru,+74997044208
https://cordax.ru,Аспро: Шины и диски 2.0,zakaz@cordax.ru,+79614214540
https://sami-tools68.ru,Аспро: Максимум,,+74752494480
https://miromak.ru,Аспро: Корпоративный сайт 3.0,,
https://vanna-vanna.ru,Аспро: Премьер,magazin-vanna@yandex.ru,+74953637019
https://nvanna.ru,Аспро: Премьер,info@nvanna.ru,+78452374722
https://aurorastroy.com,Аспро: Стройка 2.0,stroiavrora@yandex.ru,+74954199566
https://eurobalkon32.ru,Аспро: Корпоративный сайт 2.0,info@eurobalkon32.ru,+79003719520
https://nevostroy.ru,Аспро: Приорити 2.0,zakaz@nevostroy.ru,+78124674587
https://oursson.ru,Аспро: Максимум,info@oursson.ru,88001008708
https://kamen48.ru,Аспро: Корпоративный сайт 3.0,kamen48@yandex.ru,
https://uralsad74.ru,Аспро: Премьер,info@uralsad74.ru,+73517764549
https://zubdoktor.ru,Аспро: Медицинский центр 3.0,,+74958238620
https://mysvt.ru,Аспро: Оптимус,,+74950552727
https://tsrmarket.ru,Аспро: Лайтшоп,,+74942496299
https://redapteka.ru,Аспро: Максимум,info@redapteka.ru,
https://academ-zdrav.ru,Аспро: Медицинский центр 3.0,info@academ-zdrav.ru,+73435230500
https://sibcirulnik.ru,Аспро: Лайтшоп,mailto:,88002503632
https://стикс.рф,Аспро: Максимум,info@styxrf.ru,88004440083
https://vinir-s.ru,Аспро: Медицинский центр 3.0,vinir-request@yandex.ru,+78452991882
https://39linz.ru,Аспро: Максимум,39linz@gmail.com,+74012330777
https://enisey-nord.ru,Аспро: Корпоративный сайт 2.0,info@enisey-nord.ru,+79993130088
https://ast-lstk.ru,Аспро: Корпоративный сайт 3.0,info@ast-lstk.ru,+78124243545
https://matsesta.shop,Аспро: Лайтшоп,info@matsesta.shop,+79882343300
https://ud-printer.ru,Аспро: Максимум,zakaz@ud-printer.ru,+74991102568
https://dtbankrot.ru,Аспро: Корпоративный сайт 3.0,dtbankrot@yandex.ru,+79255583433
https://www.britvology.ru,Аспро: Максимум,,88005555124
https://work--line.ru,Аспро: Корпоративный сайт 3.0,info@work--line.ru,89006564099
https://voin.site-x10.ru,Аспро: Максимум,,
https://nadokna.kz,Аспро: Корпоративный сайт 3.0,info@okna.site-demo.store,+77057001306
https://easysolution.top,Аспро: Лайтшоп,co@spb4068909.ru,+78124068909
https://parazitexpert.ru,Аспро: Корпоративный сайт 2.0,info@parazitexpert.ru,+74957860201
https://diglabel.ru,Аспро: Максимум,sale@diglabel.ru,+74957727958
https://filatex.ru,Аспро: Премьер,zakaz@filatex.ru,84957443974
https://josse.ru,Аспро: Максимум,,+74832402500
https://1klac.ru,Аспро: Лайтшоп,zakaz1klac@mail.ru,+79776612789
https://real-print.shop,Аспро: Оптимус,,
https://12shopmoscow.com,Аспро: Лайтшоп,hi@12shopmoscow.com,89653937705
https://top-shop.com,Аспро: Премьер,info@top-shop.com,+74951755502
https://baga.bar,Аспро: Лайтшоп,,+79151952231
https://modis.ru,Аспро: Максимум,web@modis.ru,88007005700
https://izumrud-24.ru,Аспро: Лайтшоп,market@izumrud-24.ru,88007752045
https://tehsnab73.ru,Аспро: Лайтшоп,,+79539858855
https://euroing.sk,Аспро: Лайтшоп,stepan.artemyev@euroing.sk,+421949313514
https://specprom24.ru,Аспро: Лайтшоп,sale@specprom24.ru,+79158382444
https://timpro.ru,Аспро: Корпоративный сайт 3.0,info@timpro.ru,+74992133790
https://trading-detal.ru,Аспро: Корпоративный сайт 3.0,parts@trading-detal.com,88005056595
https://www.cem.com.kz,Аспро: Корпоративный сайт 3.0,cem1@rambler.ru,87212440623
https://a-teh.pro,Аспро: Максимум,,
https://kramer.ru,Аспро: Максимум,help@kramer.ru,+74957800302
https://int-sm.ru,Аспро: Корпоративный сайт 2.0,inter-sm@mail.ru,+74993978967
https://mimmo.motmarket.ru,Аспро: Корпоративный сайт 3.0,info@mimmo.motmarket.ru,
https://camper-shop.ru,Аспро: Оптимус,,+79101601212
https://eurooil54.ru,Аспро: Максимум,support@eurooil54.ru,83832772202
https://elkip.ru,Аспро: Максимум,info@elkip.ru,88007773470
https://avtosindikat.com,Аспро: Максимум,td.avtosindikat@yandex.ru,89130090945
https://mtflight.com,Аспро: Корпоративный сайт 3.0,info@mtflight.com,+74956474846
https://v-kr.ru,Аспро: Next,parts@v-kr.ru,+78005512373
https://4x4krd.ru,Аспро: Максимум,vvs_17@mail.ru,+78612216333
https://rvd-servis.ru,Аспро: Next,info@rvd-servis.ru,+74872584059
https://fivemarket.ru,Аспро: Next,,
https://tirepro.kz,Аспро: Шины и диски 2.0,,+77719499060
https://magiclamps.by,Аспро: Лайтшоп,shop@magiclamps.by,+375296768686
https://www.myvis.ru,Аспро: Лайтшоп,online@myvis.ru,+78002507511
https://bazarchik.by,Аспро: Максимум,2378813@mail.ru,+375447867713
https://kazancev.shop,Аспро: Лайтшоп,info@kazancev.shop,+73432472244
https://polexpert32.ru,Аспро: Корпоративный сайт 3.0,,+79307250888
https://certa.im,Аспро: Лайтшоп,im@certa.im,+74997034755
https://inkerkam.ru,Аспро: Лайтшоп,inkerkam@mail.ru,+79119254490
https://gryadka.market,Аспро: Максимум,info@gryadka.market,+74832429005
https://midental.ru,Аспро: Медицинский центр 3.0,sofdent@bk.ru,88632838538
https://magazinvitamin.ru,Аспро: Максимум,info@magazinvitamin.ru,+78129827017
https://ooo-blagodat.ru,Аспро: Медицинский центр 2.0,klinika-03@yandex.ru,+74952261725
https://shekhorprice.ru,Аспро: Максимум,shekhor@mail.ru,+79030193000
https://benefit-bio.ru,Аспро: Лайтшоп,benefitdirect@yandex.ru,+79195988688
https://klinika4.ru,Аспро: Медицинский центр 2.0,vip.klinika4@mail.ru,+78463336622
https://www.med-raduga.ru,Аспро: Медицинский центр 3.0,orp@radugazvukov.ru,+78412329095
https://doctorzubareva.store,Аспро: Максимум,partner@doctorzubareva.ru,
https://gcsteel.ru,Аспро: Корпоративный сайт 3.0,sale@gcsteel.ru,
https://mdcplanet.com,Аспро: Максимум,mdcplanet@gmail.com,88002229565
https://szmk-npk.ru,Аспро: Корпоративный сайт 2.0,sales@novateck.ru,+78126350554
https://hteng.ru,Аспро: Корпоративный сайт 2.0,info@hteng.ru,+74951396979
https://kzpu.pro,Аспро: Корпоративный сайт 3.0,office@mptech.pro,+74942454811
https://intro-tech.ru,,info@intro-tech.ru,+74952601124
https://bertech.ru,Аспро: Корпоративный сайт 3.0,info@bertech.ru,+74951084651
https://medbr.ru,Аспро: Медицинский центр 3.0,med@brsochi.ru,+78624440911
https://b2b.medodegda.ru,Аспро: Максимум,opt@medodegda.ru,84951343737
https://сантехкомфорт.рф,Аспро: Корпоративный сайт 3.0,santehk@yandex.ru,+79630962222
https://metall-pro.com,Аспро: Максимум,info@metall-pro.com,+78005507521
https://npfnk.ru,Аспро: Корпоративный сайт 3.0,spb@npfnk.ru,+78126104024
https://www.parikbest.ru,Аспро: Лайтшоп,parikbest@parikbest.ru,88005553251
https://amotek-rb.ru,Аспро: Корпоративный сайт 3.0,info@amotek-rb.ru,88005110099
https://moda-deti.ru,Аспро: Максимум,shop@moda-deti.ru,+78007758184
https://kypioptom.ru,Аспро: Максимум,kypioptomb2b@mail.ru,+79290060519
https://newsovenok.ru,Аспро: Next,info@newsovenok.ru,+74953480900
https://countrystore.by,Аспро: Максимум,info@countrystoreby.ru,+375336699770
https://my-li.ru,Аспро: Максимум,,
https://modern05.ru,Аспро: Максимум,info@modern05.ru,+79034276611
https://ruswatch.ru,Аспро: Максимум,office@ruswatch.ru,+74956752233
https://krossovkiest.ru,Аспро: Максимум,info@krossovkiest.ru,+79001314334
https://pletora.ru,Аспро: Максимум,PletoraStore@yandex.ru,88002014232
https://topsvet.ru,Аспро: Лайтшоп,,
https://savol-fmark.ru,Аспро: Максимум,info@savol-fmark.ru,+79253724131
https://parkmebel.com,Аспро: Максимум,info@parkmebel.com,88007758437
https://fashionave.ru,Аспро: Корпоративный сайт 3.0,,
https://mario-potolok.ru,Аспро: Маркет,info@mario-potolok.ru,88005506317
https://dezru.ru,Аспро: Корпоративный сайт 3.0,info@dezru.ru,+78462000876
https://centrpola.ru,Аспро: Лайтшоп,info@centrpola.ru,+79992653478
https://1000-salavat.ru,Аспро: Next,st1000-1@list.ru,+73476328183
https://minisklad-spb.ru,Аспро: Корпоративный сайт 3.0,marketing@minisklad-spb.ru,+78122209130
https://ruszamok.ru,Аспро: Корпоративный сайт 3.0,info@ruszamok.ru,+79888526319
https://tdenn.ru,Аспро: Лайтшоп,tdenn@tdenn.ru,+78313231010
https://infratrest.ru,Аспро: Корпоративный сайт 3.0,infratrest@yandex.ru,+74951201791
https://pb1.spb.ru,Аспро: Корпоративный сайт 2.0,info@pb1.spb.ru,+78124679000
https://adc-group.kz,Аспро: Ландшафт 2.0,com@adc-group.kz,+77055882148
https://f-res.ru,Аспро: Корпоративный сайт 3.0,info@f-res.ru,+74951323192
https://svechkino.ru,Аспро: Максимум,,
https://cpn.spb.ru,Аспро: Стройка 2.0,cpn.spb@mail.ru,+78129121363
https://www.demidich.ru,,info@demidich.ru,tel:%D0%9F%D0%B5%D1%80%D0%BC%D1%8C+7342XXXXXXX
https://pedali55.ru,Аспро: Корпоративный сайт 2.0,pedali55@mail.ru,+79998002424
https://din76.ru,Аспро: Next,sales@din76.ru,88007003568
https://aliansoil.ru,Аспро: Корпоративный сайт,reception@aliansoil.ru,+73422182438
https://worldsound.ru,Аспро: Максимум,info@worldsound.ru,+79897166586
https://di-zel.ru,Аспро: Next,info@di-zel.ru,+74957957793
https://shinoteka.ru,Аспро: Шины и диски 2.0,shinoteka@mail.ru,+74959693570
https://zakonnik-rf.ru,Аспро: Корпоративный сайт 3.0,,
https://robur-eng.ru,Аспро: Корпоративный сайт 3.0,info@robur-eng.ru,+78123398212
https://autoproduct.ru,Аспро: Максимум,2055457@mail.ru,+73422055457
https://zork.kz,Аспро: Корпоративный сайт 2.0,,
https://xtreme-motors.ru,Аспро: Next,xtreme-motors@mail.ru,+79502400102
https://partsboxshop.ru,Аспро: Максимум,info@partsboxshop.ru,+78617300108
https://cpok.ru,Аспро: Корпоративный сайт 3.0,cpok@cpok.ru,+73472682922
https://flexcompany.kz,Аспро: Корпоративный сайт 3.0,,
https://leica-construction.ru,Аспро: Максимум,info@leica-construction.ru,88001007584
https://pkrsk-gbi.ru,Аспро: Металл,info.pkrsk@yandex.ru,+78122199455
https://ktmz-krg.kz,Аспро: Корпоративный сайт 2.0,,
https://chptagil.com,Аспро: Корпоративный сайт 3.0,chptagil@ucp.ru,+73435346201
https://asia-electric.kz,Аспро: Корпоративный сайт 3.0,tkazia@mail.ru,+77715541728
https://petropolis.ru,Аспро: Корпоративный сайт 3.0,polis@petropolis.ru,88126408444
https://hammacher.shop,Аспро: Лайтшоп,info@hammacher.shop,88003502021
https://донхлебсервис.рф,Аспро: Корпоративный сайт 3.0,nighlebug@gmail.com,88002019786
https://itr-a.ru,Аспро: Корпоративный сайт 3.0,nna@itr-a.com,
https://zaimvmoskve.ru,Аспро: Корпоративный сайт 3.0,,+74991103050
https://74monolit.ru,Аспро: Корпоративный сайт 3.0,info@74monolit.ru,+78007072680
https://stroyservis.kz,,info@stroyservis.kz,+77710700007
https://spec-crypt.ru,Аспро: Корпоративный сайт современной компании,mail@spec-crypt.ru,+74997536303
https://piramida37.ru,Аспро: Next,piramida-37@yandex.ru,+79206779679
https://penaflex.com,Аспро: Лайтшоп,info@penaflex.com,88007007137
https://legasoft.ru,Аспро: Next,info@legasoft.ru,88007070102
https://68cvetov.ru,Аспро: Next,cvetytambov@gmail.com,+79005150706
https://prost-crm.ru,Аспро: Корпоративный сайт 3.0,,
https://idealkomfort.com,Аспро: Максимум,info@idealkomfort.com,
https://greenterra.by,Аспро: Максимум,bn@greenterra.by,+375296628828
https://obl-ceram.ru,Аспро: Оптимус,,+7495665-15-11
https://beddington.ru,Аспро: Максимум,info@beddington.ru,+74951503096
https://www.osta.by,Аспро: Лайтшоп,info@osta.by,+375293444242
https://stk11.ru,Аспро: Максимум,tkbaza@mail.ru,+78469798967
https://kronoplast.by,Аспро: Максимум,info@kronoplast.by,+375445708815
https://mimkirov.ru,Аспро: Next,ooomim@mail.ru,+78332711781
https://dolinasad.by,Аспро: Next,info@dolinasad.by,+375333255011
https://sakhajuwelir21.ru,Аспро: Максимум,saha624210@gmail.com,+78352203039
https://myuvelir.com,Аспро: Next,info@myuvelir.com,+79788999497
https://budosport.ru,Аспро: Максимум,shop@budosport.ru,83912830070
https://russian-factory.ru,Аспро: Корпоративный сайт 3.0,info@russia-factory.ru,+74991361919
https://ete-children.ru,Аспро: Максимум,info@ete-children.ru,+79889376000
https://istok-spt.ru,Аспро: Лайтшоп,shop@istok-spt.ru,+78005004581
https://asleep.ru,Аспро: Лайтшоп,,
https://zenoptica.ru,Аспро: Максимум,shop@zenoptica.ru,+73422071270
https://смаил-новороссийск.рф,Аспро: Медицинский центр 3.0,smile.nvrsk@gmail.com,+78617302827
https://altermoda.ru,Аспро: Максимум,info@altermoda.ru,88002005130
https://impulse-gel.ru,Аспро: Медицинский центр 3.0,info@impmed.beget.tech,
https://aromat.market,Аспро: Максимум,info@aromat.market,+74951289449
https://nv.com.ru,Аспро: Корпоративный сайт 3.0,info@mq.com.ru,
https://medtehnika58.ru,Аспро: Максимум,medopt58@yandex.ru,tel:680211
https://speclegion.ru,Аспро: Максимум,info@speclegion.ru,+74956423009
https://lazer-maxima.ru,Аспро: Медицинский центр 2.0,,+74959744899
https://nijenet.ru,Аспро: Next,nijenet@yandex.ru,89135250560
https://www.medel.ru,Аспро: Медицинский центр 3.0,c@medel.ru,
https://milanabeauty.ru,Аспро: Максимум,info@nevkusno.ru,+74959225055
https://trooms.ru,Аспро: Максимум,info@trooms.ru,+79953134828
https://gruzchik74.ru,Аспро: Корпоративный сайт 2.0,gruzchik74@mail.ru,88003001168
https://kassline.ru,Аспро: Максимум,info@kassline.ru,+74991132080
https://careprost-russia.ru,Аспро: Next,info@careprost-russia.ru,88003330764
https://agava24.com,Аспро: Корпоративный сайт 2.0,office@agava24.com,+74852607304
https://л-транс-тк.рф,Аспро: Корпоративный сайт 3.0,ltrans.59@mail.ru,+73422554347
https://svaekrutov.ru,Аспро: Стройка 2.0,svai@svaekrutov.ru,+74993914169
https://wone-it.ru,Аспро: Корпоративный сайт 3.0,info.ru@wone-it.ru,+74993220545
https://klimathost.ru,Аспро: Оптимус,info@klimathost.ru,+78129182683
https://ecoventpro.ru,Аспро: Лайтшоп,info@ecoventpro.ru,+79014203686
https://valiant.ru,Аспро: Максимум,order@valiant.ru,88002501445
https://hlz.by,Аспро: Next,info@hlz.by,+375173199000
https://expo.sofit.ru,Аспро: Корпоративный сайт 3.0,,
https://33bolta.ru,Аспро: Максимум,info@33bolta.ru,+74922773127
https://new.semena.by,Аспро: Максимум,,
https://esvet.by,Аспро: Максимум,info@esvet.by,+375447455050
https://km32.ru,Аспро: Максимум,krovmaster32@yandex.ru,+74832505030
https://lappi-life.ru,,info@lappi-life.ru,+79255045101
https://ensostyle.ru,Аспро: Максимум,info@ensostyle.ru,
https://serebroff.kz,Аспро: Next,info@serebroff.kz,tel:+7%E2%80%92702%E2%80%92219%E2%80%9258%E2%80%9260
https://schubert-shop.ru,Аспро: Максимум,zakaz@schubert-shop.ru,+7(495)772-96-85
https://kamneles.ru,Аспро: Корпоративный сайт 2.0,info@kamneles.ru,+73512142242
https://briton.pro,Аспро: Лайтшоп,,+78126004692
https://nevestashowroom.ru,Аспро: Максимум,info@nevestashowroom.ru,+79893528511
https://italymade.ru,Аспро: Максимум,info@italymade.ru,+78003503105
https://alliance-uniform.ru,Аспро: Next,uniforma.class@mail.ru,+79613220022
https://www.garo.cc,Аспро: Максимум,zakaz@garo.cc,88001009745
https://cloxywear.ru,Аспро: Максимум,sales@cloxywear.ru,+73832078364
https://klemma.ru,Аспро: Оптимус,,88003338563
https://rossvikcenter.ru,Аспро: Next,office@rossvikcenter.ru,+78127481022
https://descrip.ru,Аспро: Максимум,info@descrip.ru,
https://startok.ru,Аспро: Максимум,startok.info@yandex.ru,
https://reyvel-opt.com,Аспро: Лайтшоп,zakaz@newarmor.ru,+79185549695
https://prest-zap.ru,Аспро: Максимум,prest-zap@yandex.ru,+73433528457
https://planar-russia.ru,Аспро: Максимум,sales@planar-russia.ru,88003022321
https://tema4x4.ru,Аспро: Next,,
https://mototeka.su,Аспро: Next,,
https://navigator-63.ru,Аспро: Максимум,shop@navigator-63.ru,88005551813
https://fgos-komplekt.ru,Аспро: Максимум,zakaz@fgos-komplekt.ru,+78312106000
https://proanimal.ru,Аспро: Максимум,hello@pamilee.ru,+78005502080
https://tdnordspb.ru,Аспро: Максимум,info@tdnordspb.ru,
https://alux.kz,Аспро: Ландшафт,Manager1@alux.kz,+77002191256
https://furnitura-gusto.ru,Аспро: Оптимус,,+7995422-13-01
https://4sis.ru,Аспро: Максимум,,
https://zoomaugli.ru,Аспро: Оптимус,,+78432040521
https://wilart.ru,Аспро: Корпоративный сайт 3.0,wilart@mail.ru,+88005110227
https://indo-market.ru,Аспро: Максимум,,88002005724
https://v-1336.ru,Аспро: Корпоративный сайт 3.0,info@v-1336.ru,+73422581336
https://frontlift.ru,Аспро: Корпоративный сайт 2.0,info@frontlift.ru,+73422554098
https://silos.ru,Аспро: Корпоративный сайт 3.0,info@silos.ru,
https://uraltisiz24.ru,Аспро: Корпоративный сайт 3.0,tisizgeo@bk.ru,+79502067024
https://pkprom.com,Аспро: Максимум,,+74999233891
https://vion.su,Аспро: Максимум,shop@vion.su,+74954775771
https://azimp.ru,Аспро: Максимум,info@azimp.ru,88005512097
https://ukservice.kz,Аспро: Корпоративный сайт 3.0,info@ukservice.kz,+77777846631
https://bodypit.by,Аспро: Максимум,info@bodypit.by,+375445605605
https://stom-unit.ru,Аспро: Максимум,info@stom-unit.ru,+78632262020
https://www.heliox.ru,Аспро: Next,udina@heliox.ru,+74952114141
https://www.pink-girl.ru,Аспро: Максимум,info@pink-girl.ru,89699993510
https://venezsibiri.ru,Аспро: Максимум,sale@venezsibiri.ru,88005501340
https://amae74.ru,Аспро: Медицинский центр 3.0,info@amae74.ru,+73512200215
https://neuromeds.ru,Аспро: Медицинский центр 2.0,info@neuromeds.ru,+74951506017
https://trendnailsshop.ru,Аспро: Next,trendnailsshop@mail.ru,+79857620217
https://sakura.pub,Аспро: Максимум,sakuragel@yandex.ru,+79518629790
https://apteka-info.ru,Аспро: Next,info@apteka-info.ru,+73822609839
https://ugmedica.ru,Аспро: Корпоративный сайт 3.0,info@ugmedica.ru,+78633093988
https://russiaherb.ru,Аспро: Максимум,,
https://odontestetika.ru,Аспро: Медицинский центр 2.0,odontestetika@yandex.ru,+73422430625
https://simvolzdorovya.ru,Аспро: Медицинский центр 3.0,info@simvolzdorovya.ru,+73472001133
https://volgtek.ru,Аспро: Next,,
https://goodcream.ru,Аспро: Максимум,info@goodcream.ru,+79207137733
https://my32.ru,Аспро: Медицинский центр 3.0,my32.ru@mail.ru,+79219086828
https://azbykalesa.ru,Аспро: Корпоративный сайт 2.0,,
https://доктормамонтов.рф,Аспро: Корпоративный сайт 3.0,vdantist@mail.ru,tel:3912922020
https://vc-market.ru,Аспро: Максимум,info@vc-market.ru,+79093903090
https://www.ruselprom.ru,Аспро: Корпоративный сайт 3.0,mail@ruselprom.ru,88003013531
https://uralarmatu.ru,Аспро: Максимум,pkf.uralarmatura@gmail.com,+73432275141
https://osushiteli.com,Аспро: Корпоративный сайт 3.0,sale@osushiteli.com,+74955329599
https://aquatech18.ru,Аспро: Оптимус,imag@aquatech18.ru,+73412721000
https://juvtek.ru,Аспро: Инжиниринг,,
https://aquacentr18.ru,Аспро: Максимум,shop@aquacentr18.ru,+73412313033
https://uzgv.ru,Аспро: Корпоративный сайт 3.0,uzgvufa@mail.ru,+73472930920
https://truba-sale.ru,Аспро: Металл,info@truba-sale.ru,+73512258855
https://zubampolezno.ru,Аспро: Максимум,info@zubampolezno.ru,
https://alpindustria.pro,Аспро: Максимум,info@alpindustria.pro,88005113212
https://proident.ru,Аспро: Медицинский центр 2.0,info@proident.ru,+78463355754
https://metallurginvest.ru,Аспро: Максимум,,
https://stomat3gorka.ru,Аспро: Медицинский центр 2.0,stomat3gorka@gmail.com,+79773011147
https://naturelstore.ru,Аспро: Next,info@naturelstore.ru,+74994442482
https://newtime-nails.ru,Аспро: Максимум,newtimenails@gmail.com,+79504738151
https://nobilis-tm.ru,,info@nobilis-tm.ru,84951280819
https://www.avanta-med.ru,Аспро: Медицинский центр 2.0,info@avanta-med.ru,tel:383349%E2%80%919303
https://mentalconsulting.ru,Аспро: Медицинский центр 3.0,mentalconsulting@mail.ru,88002508034
https://naturalsupp.ru,Аспро: Максимум,info@naturalsupp.ru,88006009559
https://beauty-gallery.ru,Аспро: Максимум,info@beauty-gallery.ru,84999389920
https://phsv-ppe.ru,Аспро: Максимум,,
https://linzkurier.ru,Аспро: Максимум,info@linzkurier.ru,+74956385437
https://nonstop.by,Аспро: Медицинский центр 2.0,info@nonstop.by,+375291385266
https://rumexophthalmic.ru,Аспро: Корпоративный сайт 3.0,info@rumexophthalmic.ru,+74951180932
https://lecreateur.ru,Аспро: Максимум,post@lecreateur.ru,+79643880830
https://massage-gallery.ru,Аспро: Максимум,massage-gallery@mail.ru,84996775646
https://atrade-irk.ru,Аспро: Корпоративный сайт 2.0,,
https://9sargb.ru,Аспро: Медицинский центр 2.0,9sarhospital@rambler.ru,88452392110
https://verssochi.ru,Аспро: Корпоративный сайт 3.0,,
https://teploural.ru,Аспро: Максимум,info@teploural.ru,88002222321
https://atomminerals.ru,Аспро: Корпоративный сайт 3.0,info@atomminerals.ru,+73432871501115
https://parco.ru,Аспро: Корпоративный сайт 3.0,info@parco.ru,+74994240380
https://kristall.group,Аспро: Корпоративный сайт 2.0,info@kristall.group,+73433821431
https://consplus.ru,Аспро: Корпоративный сайт 3.0,market@consplus.ru,+78452459565
https://dyadya-laifu.ru,Аспро: Корпоративный сайт 3.0,info@dyadya-laifu.ru,+74951470159
https://www.wexon.ru,Аспро: Next,,
https://itean.ru,Аспро: Digital 2.0,,
https://www.ankor-s.ru,Аспро: Корпоративный сайт 3.0,zapros@ankor-s.ru,88005006045
https://etalon.su,Аспро: Максимум,info@etalon.su,+78124483900
https://manometr-rsc.ru,Аспро: Лайтшоп,2454455@mail.ru,+78632454455
https://lab-oborudovanie.ru,Аспро: Лайтшоп,,+78632454949
https://axion-med.ru,Аспро: Next,med@c.axion.ru,+73412724329
https://otbornoe-ustroistvo.ru,Аспро: Лайтшоп,,+78632454245
https://sp-sonic.ru,Аспро: Корпоративный сайт 3.0,sal@sp-sonic.com,+74732006005
https://vibropribor.ru,Аспро: Корпоративный сайт 2.0,general@vibropribor.ru,84852266482
https://ngta.pro,Аспро: Корпоративный сайт 3.0,ngta116@inbox.ru,+79276754494
https://orka.ru,Аспро: Максимум,info@orka.ru,88005502576
https://ekip77.ru,Аспро: Максимум,info@ekip77.ru,+79999047702
https://pricepi54.ru,Аспро: Next,zakaz@pricepi54.ru,+73832992525
https://stdnsk.ru,Аспро: Корпоративный сайт 2.0,stdinfo@stdnsk.ru,8 (800) 500-15-27
https://ga-nk.ru,Аспро: Корпоративный сайт 2.0,,
https://artroliga.ru,Аспро: Медицинский центр 2.0,artroliga@gmail.com,88633015171
https://www.farmacia.ru,Аспро: Next,box@farmacia.ru,+73433761414
https://aleksa-dent.ru,Аспро: Медицинский центр 2.0,,+7 (918) 5550296
https://avanta-taganrog.ru,Аспро: Медицинский центр 2.0,info@avanta-taganrog.ru,+78634369646
https://lakmestudio.ru,Аспро: Маркет,,+79231340165
https://wmt.market,Аспро: Оптимус,,+7495514-80-04
https://medianamc.ru,Аспро: Медицинский центр 2.0,medianamrc@gmail.com,88001015403
https://avtosila-ufa.ru,Аспро: Next,,
https://intro-tech.ru,,info@intro-tech.ru,+74952601124
https://kass4u.ru,Аспро: Корпоративный сайт 2.0,info@kass4u.ru,+74951423983
https://diamond-composite.ru,Аспро: Максимум,info@dcomposite.ru,+74957275709
https://apricolor.ru,Аспро: Лайтшоп,zapros@win9.ru,+78003507551
https://b-iq.ru,Аспро: Next,sales@b-iq.ru,+74991101759
https://theros.ag,Аспро: Корпоративный сайт 3.0,theros@theros.ag,+79248195972
https://candelaclinic.ru,,,
https://www.skladoknet.ru,Аспро: Лайтшоп,,+78002001536
https://dana96.ru,Аспро: Корпоративный сайт 2.0,info@dana96.ru,+73433394018
https://capitalca.ru,Аспро: Digital,CapitalCA@svea-cca.ru,+74993220889
https://alfarider.ru,Аспро: Максимум,,
https://shop.rk-reifen.ru,Аспро: Шины и диски 2.0,sales@rk-reifen.ru,+74951204464
https://prohvat.ru,Аспро: Максимум,info@prohvat.ru,+78122091996
https://rpm-moto.ru,Аспро: Максимум,rpm-moto@mail.ru,+79313798742
https://avtokrepeg.ru,Аспро: Ландшафт,sto@avtokrepeg.ru,+78462111063
https://rostyre.com,Аспро: Шины и диски 2.0,moscow@rostyre.com,+74994605536
https://elitep43.ru,Аспро: Корпоративный сайт 2.0,info@elitep43.ru,
https://асфальтоукладчики-и-фрезы.рф,Аспро: Лайтшоп,podarovdr@specautotrade.pro,88005510764
https://autotuning-audi.ru,Аспро: Максимум,info@autotuning-audi.ru,+74952413399
https://ekipka.ru,Аспро: Next,sales@ekipka.ru,+79033635231
https://www.paaz.ru,Аспро: Next,sbyt@paaz.ru,+73439664477
https://autoflesh.ru,Аспро: Корпоративный сайт 3.0,zakaz@autoflesh.ru,+74991862810
https://nevatech.online,Аспро: Корпоративный сайт 3.0,,+78124679287
https://kms-kirov.ru,Аспро: Корпоративный сайт 3.0,info@kms-kirov.ru,+78332692400
https://www.medgear.ru,Аспро: Корпоративный сайт 2.0,info@medgear.ru,84993993496
https://tsi-klimat.ru,Аспро: Инжиниринг,info@iktsi.ru,88005552189
https://tigertim.ru,Аспро: Маркет,,+7937275-11-52
https://technobur.com,Аспро: Корпоративный сайт 3.0,info@technobur.com,+79918101062
https://multibox.by,Аспро: Лайтшоп,info@multibox.by,+375293546464
https://zavod-ptm.ru,Аспро: Корпоративный сайт 3.0,info@zavod-ptm.ru,
https://denzols.ru,Аспро: Корпоративный сайт 3.0,,
https://k-flex.group,Аспро: Максимум,zakaz@k-flex.group,+79033407070
https://astyktrans.kz,Аспро: Корпоративный сайт 3.0,info@astyktrans.com,
https://wearscrew.ru,Аспро: Корпоративный сайт 3.0,info@wearscrew.ru,+74993507071
https://iceco.tech,Аспро: Next,all@iceco.tech,+74993913159
https://metall-trade.ru,Аспро: Максимум,zakaz@metall-trade.ru,+74957993990
https://vobies.ru,Аспро: Максимум,,
https://diferro.ru,Аспро: Корпоративный сайт 2.0,sales@diferro.ru,88002509525
https://5055299.ru,Аспро: Маркет,5055299@5055299.ru,+78007707049
https://azalitprint.ru,Аспро: Корпоративный сайт современной компании,azalitprint@mail.ru,+7 495 136 91 51
https://flclean.ru,Аспро: Корпоративный сайт 3.0,flclean@mail.ru,+79137772062
https://dirock.ru,Аспро: Корпоративный сайт 2.0,mw@dirock.ru,88002509525
https://vipclub-nsk.ru,Аспро: Корпоративный сайт 3.0,elitclubnsk@yandex.ru,+73832133616
https://ngrf.ru,,info@mos-expert.com,+74950551578
https://курьерсчастья.рф,Аспро: Максимум,mailto:,+78512287287
https://pekarniya-argo.ru,Аспро: Максимум,argo1988@yandex.ru,+78123220058
https://moesnsk.ru,Аспро: Корпоративный сайт 2.0,,
https://airovka.ru,Аспро: Корпоративный сайт 3.0,tourism@zlatoust-air.ru,88001000180
https://omegagame.ru,Аспро: Лайтшоп,,+79262023934
https://zlatoust-air.ru,Аспро: Next,air@zlatoust-air.ru,+73517008037
https://pro-ekip.ru,Аспро: Next,info@pro-ekip.ru,+74993509587
https://tavria-rus.ru,Аспро: Максимум,info@tavria-rus.ru,+73512454025
https://estet-don.ru,,,
https://mrkonditer.ru,Аспро: Максимум,info@mrkonditer.ru,84951503779
https://carptravel.ru,Аспро: Маркет,Logistic@carptravel.ru,88002224032
https://retroboxvintage.ru,Аспро: Максимум,retro_box@mail.ru,
https://planeta-sh.ru,Аспро: Максимум,info@planeta-sh.ru,88002225857
https://menshirt.ru,Аспро: Максимум,maia@menshirt.ru,88001003879
https://melanippe.net,,,
https://olymp-c.ru,Аспро: Next,xpert.opt1@gmail.com,+74959753011
https://kupilekalo.ru,Аспро: Максимум,support@beget.com,
https://crossforce.ru,Аспро: Маркет,,
https://lazurit71.ru,Аспро: Next,info@lazurit71.ru,+79105530442
https://skechers.by,Аспро: Максимум,info@skechers.by,+375172789020
https://barklain.ru,Аспро: Корпоративный сайт 3.0,info@barklain.ru,88002001586
https://dez-optima.ru,Аспро: Максимум,sales@dez-optima.ru,+78007071431
https://www.cleaning-city.ru,Аспро: Next,,
https://kr-hangar.ru,Аспро: Максимум,info@kr-hangar.ru,74954454548
https://utdk.ru,Аспро: Next,,
https://заводпром-тех.рф,Аспро: Корпоративный сайт 2.0,zavod_prom_teh@mail.ru,+79219500898
https://www.td-tex.ru,Аспро: Максимум,info@td-tex.ru,+74957648558
https://fabrika-kv.ru,Аспро: Максимум,info@fabrika-kv.ru,+74722374896
https://th-avangard.ru,Аспро: Максимум,info@avangard-home.ru,+74951284882
https://канализация-минск.бел,Аспро: Корпоративный сайт 2.0,kanalizacia-minsk@mail.ru,+375291745121
https://diavendor.ru,,info@diavendor.ru,+74959601114
https://stoppotop.ru,Аспро: Максимум,zakaz@stoppotop.ru,88006005877
https://ucs-spb.ru,Аспро: Максимум,info@ucs-spb.ru,+78123290560
https://www.tehmedgaz.ru,Аспро: Корпоративный сайт 3.0,,
https://helpreport.ru,Аспро: Маркет,,
https://www.iksystems.ru,Аспро: Корпоративный сайт 2.0,mail@iksystems.ru,+74958590211
https://foodsmi.com,Аспро: Корпоративный сайт 3.0,mail@foodsmi.com,+74958590212
https://myeconomix.ru,Аспро: Корпоративный сайт 3.0,info@myeconomix.ru,+79649123246
https://erp-business.ru,Аспро: Корпоративный сайт 3.0,,
https://ooomedikon.ru,Аспро: Корпоративный сайт 3.0,,
https://mitra-trade.ru,Аспро: Корпоративный сайт современной компании,info@mitra03.ru,+73012297700
https://aptekalara.ru,Аспро: Next,,
https://sibbeauty-nsk.ru,Аспро: Next,sibbeauty@bk.ru,+73832876118
https://arnica-shop.ru,Аспро: Next,info@arnica-shop.ru,+79776124702
https://omega3-kamchatka.ru,Аспро: Максимум,info@omega3-kamchatka.ru,+78005509499
https://medexpert.team,,9708816@gmail.com,+74959708816
https://veccosmetic.com,Аспро: Next,mailto:,tel:
https://evidentika.ru,Аспро: Медицинский центр 2.0,info@dev.evidentika.ru,
https://medgarant-bron.ru,Аспро: Медицинский центр 2.0,info@medgarant-bron.ru,74964626072
https://rusalut.ru,Аспро: Максимум,info@rusalut.ru,84952151288
https://amocucinare.ru,Аспро: Максимум,amocucinare@yandex.ru,+74957418468
https://www.tempgun.ru,Аспро: Next,gun@tempgun.ru,88007077810
https://1korm.com,Аспро: Корпоративный сайт 3.0,sale@1korm.com,+73412650754
https://greenbird.ru,Аспро: Максимум,sales@greenbird.ru,+74956986050
https://dmarshrut.site-x10.ru,,,
https://zb-fest.ru,Аспро: Корпоративный сайт 2.0,,
https://tairtd.ru,Аспро: Максимум,manager@tairkraski.ru,88126605656
https://gotovo.shop,Аспро: Next,zakaz@gotovo.shop,+73832408224
https://www.motmarket.ru,Аспро: Максимум,info@motmarket.ru,+78001002844
https://stanoktut.ru,Аспро: Инжиниринг,info@stanoktut.ru,+78432532881
https://gasmarket.ru,Аспро: Максимум,info@gasmarket.ru,+74952551838
https://korobok.store,Аспро: Лайтшоп,,+79933533672
https://terra-ecology.ru,Аспро: Максимум,infot@terra-ecology.ru,+74953745252
https://ros-bet.ru,Аспро: Корпоративный сайт 2.0,info@ros-bet.ru,+79105553731
https://inair-group.ru,Аспро: Лайтшоп,,+73432068638
https://kit-prof.ru,Аспро: Корпоративный сайт 3.0,info@kit-prof.ru,+78124481376
https://armaseti-russia.ru,Аспро: Next,msk@armaseti-russia.ru,+7 (499) 704-21-01
https://cvetov.ru,Аспро: Маркет,,
https://termograd-spb.ru,Аспро: Максимум,info@termann.ru,+78124143600
https://td-gazvodstroy.ru,Аспро: Next,zakaz@td-gazvodstroy.ru,88003015353
https://sakhelectric.ru,Аспро: Next,el1mag@bk.ru,+74242461200
https://shilco.ru,Аспро: Маркет,,8(383)265-17-72
https://hollywool.ru,Аспро: Максимум,inbox@hollywool.ru,+78005516141
https://lovemarket.net,Аспро: Максимум,info@lovemarket.net,88005550464
https://55sirius.ru,Аспро: Максимум,,
https://im-gifts.ru,Аспро: Лайтшоп,im-gifts@mail.ru,+79095771001
https://reflexflower.ru,Аспро: Максимум,info@reflexflower.ru,+79914224243
https://compas.market,Аспро: Премьер,compas.manager@yandex.ru,+78001018188
https://gubahasport59.ru,,info@gubahasport59.ru,+73422593437
https://rrestate.ru,Аспро: Корпоративный сайт 3.0,info@rrestate.ru,+78469903322
https://prospin.by,Аспро: Максимум,prospin.by@yandex.by,+375292222555
https://vkusmart.vmv.kz,Аспро: Максимум,hello@vmv.kz,+77000972079
https://energosbyt-pmk.ru,Аспро: Корпоративный сайт 2.0,,+79824500213
https://souz54.ru,,office.nsk@souz54.ru,+73833835787
https://leica-micro.ru,Аспро: Корпоративный сайт 2.0,,
https://rocketboy.ru,Аспро: Лайтшоп,,+79684774488
https://shop.rosomz.ru,Аспро: Next,sales@rosomz.ru,88007074184
https://alumo18.ru,,a-lumo18@yandex.ru,88002505977
https://www.bakinity.biz,Аспро: Максимум,shop@bakinity.biz,+994124400704
https://mediaav.ru,Аспро: Максимум,Mediaavru@mail.ru,+79256646269
https://небо-на-ладони.рф,Аспро: Корпоративный сайт 3.0,bf.nnl@yandex.ru,
https://704ka.ru,Аспро: Next,info@704ka.ru,+74957489704
https://avttech.ru,Аспро: Next,info@avttech.ru,+78126792710
https://chefclick.ru,Аспро: Лайтшоп,sales@chefclick.ru,+74951504311
https://graude-shop.ru,Аспро: Лайтшоп,,+74999578730
https://kseon.by,Аспро: Оптимус,,20860-90-54
https://msperm.ru,Аспро: Корпоративный сайт 2.0,modul@msperm.ru,+73422810030
https://bic-video.ru,Аспро: Лайтшоп,,+78122526864
https://liga-pack.ru,Аспро: Корпоративный сайт 2.0,ligapackperm@mail.ru,+73422070547
https://aurus-dv.ru,Аспро: Next,aurus-dv@bk.ru,+79147110145
https://attika.su,Аспро: Максимум,,
https://safarihome.kz,Аспро: Next,,
https://ftorsoli.ru,Аспро: Корпоративный сайт 2.0,soli@ftorsoli.ru,+73422482340
https://dkntmk.ru,Аспро: Корпоративный сайт 3.0,dk@dkntmk.ru,+73435231515
https://mfk59.ru,,info@pcrp.ru,88003008090
https://skladskoi.com,Аспро: Корпоративный сайт 3.0,,
https://sb-rb.ru,Аспро: Маркет,,
https://pomogi-centr.ru,Аспро: Корпоративный сайт 3.0,,
https://hatber.ru,Аспро: Максимум,info@hatber.ru,+74959251108
https://izmailovo.su,Аспро: Корпоративный сайт 3.0,info@izmailovo.su,+74955145353
https://shop.iconica.site,Аспро: Максимум,cda@iconica.site,88122447093
https://visa-samara.ru,Аспро: Корпоративный сайт 3.0,rvc163@gmail.com,+78462216806
https://slurpshop.store,Аспро: Лайтшоп,slurpshop@yandex.ru,+79930431598
https://uwmarket.ru,Аспро: Лайтшоп,,+79168009272
https://darkfit.ru,Аспро: Корпоративный сайт 3.0,info@darkfit.ru,+78625552507
https://vinogradfishing.ru,Аспро: Максимум,,+79168282610
https://florashop.kz,Аспро: Next,,
https://1souvenir.ru,Аспро: Максимум,info@1souvenir.ru,+78007754847
https://prodive.ru,Аспро: Next,shop@diving.ru,+79037432474
https://covok.com,Аспро: Максимум,sovok.2013@mail.ru,+73466219390
https://wearservice.ru,,,
https://www.cts-t.ru,Аспро: Корпоративный сайт 2.0,,+74872524001
https://ckc-metiz.ru,Аспро: Корпоративный сайт,ckc.perm@gmail.com,+73422020027
https://www.radus.ru,Аспро: Корпоративный сайт 3.0,radus@ufanet.ru,+73472767677
https://pnpc.ru,Аспро: Корпоративный сайт 2.0,info@pnpc.ru,+73422065818
https://bx-kotel.ru,Аспро: Корпоративный сайт 3.0,zakaz@bx-kotel.ru,+74952211991
https://абсида.рф,Аспро: Стройка,absida_perm@rambler.ru,+73422700970
https://1fz.ru,Аспро: Корпоративный сайт 2.0,info@1fz.ru,+74957252758
https://scremmark.ru,Аспро: Лайтшоп,,+73462500250
https://drones-russia.ru,Аспро: Лайтшоп,info@drones-russia.ru,+74950232909
https://afinatools.ru,Аспро: Максимум,hello@afinatools.ru,+78125076905
https://slmb.ru,Аспро: Next,info@slmb.ru,88001016539
https://idn300.ru,Аспро: Максимум,info@idn300.ru,88003023780
https://tekhnikavdom24.ru,Аспро: Лайтшоп,,+79268251101
https://dealuxx.com,Аспро: Максимум,info@dealuxx.ru,
https://toeast.ru,Аспро: Максимум,sales@toeast.ru,+73433799860
https://prosto-technika.ru,Аспро: Максимум,info@prosto-tehnika.ru,+74997052628
https://okohaus.ru,Аспро: Стройка 2.0,info@okohaus.ru,+74951478796
https://rozetka39.ru,Аспро: Максимум,shop@rozetka39.ru,+79814618029
https://i-loan.ru,,site@i-loan.ru,88004445254
https://bazatt.ru,Аспро: Корпоративный сайт 2.0,,83517741232
https://7-fridays.ru,Аспро: Металл,info@er-city.ru,
https://kosrub.ru,,info@kosrub.ru,89607427310
https://futumag.ru,Аспро: Максимум,futumag@mail.ru,+74993985253
https://www.akvilon-leasing.ru,Аспро: Корпоративный сайт 2.0,akvilonleasing@gmail.com,+78412231050
https://elektroteni.ru,Аспро: Максимум,info@elektroteni.ru,88123393309
https://hc-ufa.ru,Аспро: Корпоративный сайт,info@hc-ufa.ru,
https://biztekh.ru,Аспро: Корпоративный сайт 3.0,info@biztekh.ru,
https://spgroupp.com,Аспро: Максимум,info@spgroupp.com,+79686441693
https://stepbystepvlg.ru,Аспро: Лайтшоп,,+79275102881
https://sms.su,Аспро: Корпоративный сайт 2.0,info@sms.su,88002004461
https://jarden.ru,Аспро: Максимум,info@jarden.ru,+78002220221
https://usadbabelogorie.ru,Аспро: Корпоративный сайт 2.0,info@usadbabelogorie.ru,88003508604
https://www.fruktistarogokrima.ru,Аспро: Корпоративный сайт 2.0,,88003508604
https://veselyiturist.ru,Аспро: Next,veselyiturist@mail.ru,88612104300
https://laravel-market.ru,Аспро: Максимум,mail@laravel-market.ru,+74951081837
https://museum-cosmos.ru,Аспро: Корпоративный сайт 3.0,park.kosmos@yandex.ru,
https://lavkart.ru,Аспро: Лайтшоп,info@lavkart.ru,+73912111059
https://gamekeysoft.ru,Аспро: Максимум,info@gamekeysoft.ru,
https://nord-group.su,Аспро: Корпоративный сайт 2.0,zakaz@nord-group.su,+73422070159
https://iolla.info,Аспро: Оптимус,iolla@iolla.info,
https://btrru.ru,,info@btrru.ru,+73422482360
https://vektor24.ru,Аспро: Next,88994260@vektor24.ru,88007002476
https://astro-lift.ru,Аспро: Корпоративный сайт 3.0,astro-lift@mail.ru,+73472461117
https://thermocool.ru,Аспро: Корпоративный сайт 3.0,sale@thermocool.ru,
https://bdpo.ru,Аспро: Оптимус,,+7(347)226-11-11
https://nsia-energy.ru,Аспро: Максимум,nsia2012@mail.ru,+79180337070
https://smarttechnika.ru,Аспро: Next,info@smarttechnika.ru,88003024723
https://jackys.com.ru,Аспро: Максимум,info@jackys.com.ru,+74994907303
https://zdqmarket.ru,Аспро: Максимум,info@zdqmarket.ru,+78003015913
https://bestzip.ru,Аспро: Максимум,info@bestzip.ru,88005000476
https://www.termo-komfort.ru,Аспро: Маркет,volgograd@termo-komfort.ru,8 (8442) 98-13-77
https://shag-ma.ru,Аспро: Максимум,,
https://www.polysoude.ru,Аспро: Корпоративный сайт 3.0,info@polysoude.ru,+74955648681
https://www.prom34.ru,Аспро: Максимум,info@prom34.ru,+79370868104
https://штурман18.рф,Аспро: Next,shturmano@bk.ru,+79828334710
https://artaxfishing.ru,Аспро: Максимум,info@artaxfishing.ru,+79851357345
https://silentshot.ru,Аспро: Максимум,info@silentshot.ru,+74951206655
https://ksvet24.ru,Аспро: Максимум,info@elektro-home.ru,+74957991819
https://lgadget.ru,Аспро: Лайтшоп,,
https://mirpozitiva.by,Аспро: Лайтшоп,admin@mirpozitiva.by,+375296816640
https://restorator.shop,Аспро: Максимум,info@restorator.shop,88122142080
https://33bears-shop.ru,Аспро: Next,info@33bears-shop.ru,+74956468761
https://public-shop.ru,Аспро: Максимум,info@public-shop.ru,+79126059745
https://kubik-kubik.ru,Аспро: Максимум,info@kubik-kubik.ru,+74997055479
https://nastas.studio,Аспро: Корпоративный сайт 2.0,buronastas@yandex.ru,+79219988239
https://donkihot.co.il,Аспро: Оптимус,,+9720522748574
https://too-do.ru,Аспро: Максимум,too-do@bk.ru,89100345153
https://shelkoviyput.ru,Аспро: Next,info@shelkoviyput.ru,88003010791
https://fleksi.ru,Аспро: Максимум,info@fleksi.ru,88002347575
https://decomaster.su,Аспро: Максимум,,
https://zootomas.ru,Аспро: Next,sale@zootomas.ru,+73912865353
https://dekotex.ru,Аспро: Максимум,sales@dekotex.ru,88007759045
https://remont-tagil.ru,Аспро: Корпоративный сайт 3.0,umdom96@mail.ru,+73435925095
https://dankirtg.ru,Аспро: Максимум,dankir_acc@mail.ru,+79185995086
https://viking-gear.ru,Аспро: Лайтшоп,,
https://axion-tnp.ru,Аспро: Next,seo@c.axion.ru,88002500431
https://decor-centre.ru,Аспро: Корпоративный сайт 3.0,info@decor-centre.ru,+3422252015
https://redevicestore.ru,Аспро: Лайтшоп,,+74950000000
https://tecgo.ru,Аспро: Next,,
https://optitelcom.ru,Аспро: Максимум,info@optitelcom.ru,+78005007239
https://platoff.su,Аспро: Максимум,oooplatoff@yandex.ru,88002221585
https://ultra54.ru,Аспро: Максимум,b2b@ultra54.ru,+73833639301
https://kubik-kubik.ru,Аспро: Максимум,info@kubik-kubik.ru,+74997055479
https://akva-sport.ru,Аспро: Next,akva2@rlan.ru,+78442551169
https://tiraet.com,Аспро: Максимум,e-shop@tiraet.com,tel:53374848
https://totalbox.pro,Аспро: Максимум,info@totalbox.pro,88003502007
https://for-est.ru,Аспро: Next,order@for-est.ru,88003339121
https://podarki-market.ru,Аспро: Next,,
https://ktrade.ru,Аспро: Корпоративный сайт 3.0,info@ktrade.ru,+74992816200
https://www.cheremushki.shop,Аспро: Максимум,sales@cheremushki.shop,+74997948033
https://villanorda.ru,Аспро: Корпоративный сайт 3.0,info@villanorda.ru,+79313858656
https://pechprosto.ru,Аспро: Максимум,info@pechprosto.ru,+79376326020
https://kamatravel.ru,,kama-agency@mail.ru,88001010798
https://tek-perm-krai.ru,,,
https://buildsoft.ru,Аспро: Digital,info@buildsoft.ru,88007007253
https://печатиэкспресс.рф,,pechati.perm@gmail.com,83422594753
https://3kran.ru,,sale@3kran.ru,88003338359
https://new.psv-color.ru,Аспро: Next,,
https://modul-print.ru,Аспро: Корпоративный сайт 2.0,info@modul.site-x10.ru,+73422554124
https://m-tvortsa.ru,Аспро: Лайтшоп,,+73822203300
https://skizzylife.ru,Аспро: Лайтшоп,info@skizzy.ru,+79197777777
https://safetyprof.ru,,sales@safetyprof.ru,+74951182077
https://rcespb.ru,Аспро: Ландшафт,info@rcespb.ru,+78124256555
https://proteploff.ru,Аспро: Максимум,shop@proteploff.ru,88005119744
https://othodopasen.ru,,info@othodopasen.ru,+79119254951
https://laikadesign.ru,Аспро: Корпоративный сайт 3.0,info@laikadesign.ru,+79019013310
https://lingl.ru,Аспро: Корпоративный сайт современной компании,service@lingl.ru,+78126771169
https://masterboltikov.ru,Аспро: Максимум,zakaz@masterboltikov.ru,88002018644
https://shelkput.ru,Аспро: Корпоративный сайт 2.0,info@shelkput.ru,88007007022
https://shop-nsk.ru,Аспро: Лайтшоп,inter-dveri@bk.ru,+73833810051
https://ttrademag.ru,Аспро: Корпоративный сайт 3.0,info@ttrademag.ru,83519455566
https://lkrndesign.ru,Аспро: Максимум,info@lkrndesign.ru,+79801755505
https://kotloff.ru,Аспро: Лайтшоп,info@kotloff.ru,+78625552678
https://rodecor.ru,Аспро: Максимум,info@rodecor.ru,88007073575
https://muzdv.ru,Аспро: Максимум,musicdv@mail.ru,89149603232
https://corsastyle.ru,Аспро: Максимум,info@corsastyle.ru,+78462110204
https://denzel-power.com,Аспро: Максимум,info@denzel-power.com,88003509029
https://topodrone.ru,Аспро: Максимум,info@topodrone.ru,+74999387918
https://megalike.ru,Аспро: Максимум,info@megalike.ru,
https://miraphone.ru,Аспро: Максимум,info@miraphone.ru,88005000022
https://bss-instrument.ru,Аспро: Next,,
https://it178.ru,Аспро: Корпоративный сайт 2.0,info@it178.ru,+78129091415
https://www.index-spb.ru,Аспро: Next,info@index-spb.ru,+78127028828
https://kran-arenda24.ru,Аспро: Корпоративный сайт 2.0,rentalcrane@mail.ru,+79119256542
https://intelbit.ru,,info@intelbit.ru,+74954873096
https://dezrabot.ru,Аспро: Корпоративный сайт,info@dezrabot.ru,
https://www.gkk.ru,Аспро: Корпоративный сайт 3.0,flist@gkk.ru,+78552910451
https://bio-media.ru,Аспро: Корпоративный сайт современной компании,zapros@bio-media.ru,+78126466864
https://www.lcba.ru,,info@lcba.ru,+74955891300
https://buh54.ru,Аспро: Корпоративный сайт 3.0,info@buh54.ru,+79139370656
https://queenflower.ru,Аспро: Максимум,info@flowers.seotemple.org,+79055709270
https://shekhorprice.ru,Аспро: Максимум,shekhor@mail.ru,+79030193000
https://rosspak.ru,Аспро: Максимум,office@rosspak.ru,+73833634550
https://packs.ru,Аспро: Максимум,info@packs.ru,+78432009934
https://rakisam.ru,Аспро: Максимум,info@rakisam.ru,88469918885
https://cvetybukety24.ru,Аспро: Next,info@cvety.tmweb.ru,+79212477589
https://poseidonnvrsk.ru,Аспро: Корпоративный сайт 3.0,manager@poseidonnvrsk.ru,
https://konfle.ru,Аспро: Next,zakaz@konfle.ru,+74952274927
https://dunes-spb.ru,Аспро: Курорт,kurort@dunes.spb.ru,+78124071717
https://www.kashalot.ru,Аспро: Максимум,pishitepisma@kashalot.ru,+74959952520
https://viard.ru,Аспро: Лайтшоп,zakaz@viard.ru,+74951505244
https://merxteam.ru,Аспро: Максимум,merx@merxteam.ru,+74952255721
https://rangacolor.ru,Аспро: Максимум,info@rangacolor.ru,+79225070050
https://www.novyremont.ru,Аспро: Стройка,novyremont@mail.ru,+73422870599
https://fibrocem.ru,Аспро: Корпоративный сайт 3.0,,
https://stroygroup18.ru,Аспро: Next,shop@stroygroup18.ru,+73412231515
https://tropichouse.ru,Аспро: Максимум,order@tropichouse.ru,+74952218838
https://m-group71.ru,Аспро: Максимум,sales@m-group71.ru,+79207901199
https://agros63.ru,Аспро: Корпоративный сайт 3.0,voroninav@mail.ru,+78462765519
https://www.comboinfo.com,Аспро: Максимум,9578470@mail.ru,
https://lifehouse.su,Аспро: Стройка 2.0,mail@lifehouse.su,+78129733614
https://izhmobile.ru,Аспро: Оптимус,dimaz3452@gmail.com,+79120077310
https://zona-profi.ru,Аспро: Next,,
https://centroinstrument.ru,Аспро: Next,ci@centro-i.ru,74952042323
https://инструменты71.рф,Аспро: Максимум,m9105588558@yandex.ru,+79105588558
https://ksm-shop.ru,Аспро: Максимум,info@ksm-shop.ru,83833801842
https://electrion.ru,Аспро: Next,mai@electrion.ru,+79028399911
https://shadd.ru,Аспро: Корпоративный сайт 2.0,,8 800 555-34-78
https://helden-russia.ru,Аспро: Корпоративный сайт 3.0,helden.com@yandex.ru,
https://spektr-sport.ru,Аспро: Максимум,torpedo@spektr-sport.ru,88005506850
https://restoll.ru,Аспро: Максимум,info@restoll.ru,+74993505471
https://fabrika63.ru,Аспро: Максимум,fkachestva-msk@mail.ru,+74992862550
https://plastikgrad.ru,Аспро: Максимум,,
https://iolla.shop,Аспро: Максимум,info@iolla.shop,88007774759
https://marketsex.ru,Аспро: Лайтшоп,info@marketsex.ru,+79993190030
https://rodnichok59.ru,Аспро: Курорт,lokkluchi@yandex.ru,+73422582800
https://my-tobacco.ru,Аспро: Максимум,,
https://gm-apostol.ru,Аспро: Корпоративный сайт 3.0,info@apostoby.beget.tech,+73832052004
https://nika-ritual.ru,Аспро: Корпоративный сайт,Nika-ritual@mail.ru,+79287539899
https://artoexpress.ru,Аспро: Digital,zakaz@artoexpress.ru,+79262043250
https://museumrb.ru,Аспро: Next,priemnaja-nmrb@mail.ru,+73472721250
https://nerotech.ru,Аспро: Корпоративный сайт современной компании,support@nerotech.ru,
https://rusuborka.com,,rusuborka.info@mail.ru,+78314204075
https://pohoroni-rostov.ru,Аспро: Next,,+7 (918) 532-79-83
https://lombard-rgl.ru,Аспро: Максимум,info@lombard-rgl.ru,+78632603000
https://kommutator.net,Аспро: Digital,info@kommutator.net,+78126451817
https://eu-market.group,Аспро: Максимум,contact@eu-market.ru,+78126057700
https://atlanta-carpet.ru,Аспро: Максимум,atlanta-carpet@mail.ru,+79817560070
https://mygrass.ru,Аспро: Максимум,my@grassm.ru,+74993574301
https://nadokover.ru,Аспро: Максимум,zakaz@nadokover.ru,+79817560050
https://posuda-shop.ru,Аспро: Максимум,info@posuda-shop.ru,+78124083271
https://kova61.ru,Аспро: Лайтшоп,kova761@mail.ru,+78634321225
https://h2o-element.ru,Аспро: Максимум,zakaz@h2o-element.ru,+74822734180
https://royal-room.com,Аспро: Next,info@royal-room.com,+74955445529
https://ecomfo.ru,Аспро: Next,,
https://telms.ru,,info@telms.ru,+78462074925
https://rugidro.com,Аспро: Корпоративный сайт современной компании,info@rugidro.com,+78002229787
https://goldy.market,Аспро: Максимум,goldy-market@mail.ru,+79185060505
https://lavka-lesnika.ru,Аспро: Максимум,lavka.lesnika@mail.ru,+79190846153
https://upax.ru,Аспро: Максимум,upax@upax.ru,+73422113420
https://winternw.ru,Аспро: Next,winternw@yandex.ru,+79213195423
https://zitfi.ru,Аспро: Корпоративный сайт 2.0,info@zitfi.ru,+78125645054
https://infotechflex.ru,Аспро: Корпоративный сайт 2.0,info@infotechflex.ru,+78007007414
https://www.obogrev.net,Аспро: Корпоративный сайт 3.0,term@obogrev.net,+78123095377
https://label-b.ru,Аспро: Максимум,,
https://www.flek.ru,,flek@flek.pnsh.ru,+73422067200
https://gydronika.ru,Аспро: Стройка,info@gydronika.ru,+79851670890
https://youniq.store,Аспро: Максимум,mailto:,+79231113303
https://bolshoy.me,Аспро: Максимум,bolshoyonline-71@yandex.ru,+79058087138
https://altera-spets.ru,Аспро: Максимум,info@altera-spets.ru,+73422999969
https://she-apparel.store,Аспро: Максимум,apparel.she@gmail.com,
https://www.tutanhamon.ru,Аспро: Максимум,,
https://boleroshop.ru,Аспро: Маркет,bolero.ufa@gmail.com,+7 347 222-31-88
https://mega-hand.ru,Аспро: Максимум,info@mega-hand.ru,88002506168
https://circutor-rus.ru,Аспро: Маркет,,+7(812) 648-4370
https://b2b.oprava.ru,Аспро: Максимум,reception@oprava.ru,+74951331919
https://bikinime.ru,Аспро: Максимум,info@bikinime.ru,+74951556993
https://intersvet.pro,Аспро: Корпоративный сайт 3.0,info@intersvet.pro,
https://gk-ht.ru,Аспро: Next,info@gk-ht.ru,+74996474256
https://ezzzbox.ru,Аспро: Максимум,info@ezzzbox.ru,+79040314391
https://svetlachok-shop.ru,Аспро: Оптимус,,+78559445484
https://tominers.com,Аспро: Максимум,,
https://kilovolt.by,Аспро: Next,info@kilovolt.by,+375447203847
https://axioma-smd.ru,,office@axioma-smd.ru,+78463004118
https://orbita-sc.ru,Аспро: Шины и диски 2.0,info@orbita-sc.ru,+74957894771
https://www.alg72.com,Аспро: Курорт 2.0,reception@alg72.ru,+73452399523
https://yarosama.ru,Аспро: Максимум,info@yarosama.ru,+79501145313
https://huntingart.ru,Аспро: Максимум,huntingartpost@gmail.com,+78126401993
https://don-samogon.ru,Аспро: Next,info@don-samogon.ru,+7-928-333-83-77
https://rybolov-sportsmen.ru,Аспро: Максимум,info@rybolov-sportsmen.ru,+74951980558
https://optprodukt.ru,Аспро: Максимум,info@optprodukt.ru,88002348377
https://premiumaqua.ru,Аспро: Максимум,info@premiumaqua.ru,+74951115530
https://paramagazin.ru,Аспро: Next,admin@paramagazin.ru,+78129804554
https://grigmik.ru,Аспро: Лайтшоп,info@grigmik.ru,+79779979979
https://fan-mir.ru,Аспро: Корпоративный сайт 2.0,fanmir@list.ru,+73832991688
https://fenix-glavbuh.ru,Аспро: Корпоративный сайт 2.0,fenix53@mail.ru,+79286104450
https://lakmestudio.ru,Аспро: Маркет,,+79231340165
https://hydratorc.ru,Аспро: Стройка,mail@gidratork.ru,+74959782574
https://drsfo.ru,Аспро: Корпоративный сайт,adm@sibgidromet.ru,
https://www.confael.ru,Аспро: Максимум,kn@confael.ru,+78006005353
https://kancler-tomsk.ru,Аспро: Максимум,tdbik@tdbik.ru,+73822412247
https://kombro.ru,,,
https://nhs-perm.ru,,info@nhs-perm.ru,+73422493070
https://queentel.ru,Аспро: Корпоративный сайт,,
https://tt-59.ru,Аспро: Максимум,,
https://kamakabsnab.ru,Аспро: Максимум,zakaz@kamakabsnab.ru,+73422030137
https://diac.ru,,,
https://kamtex-himprom.ru,,reception@kamtex.org,83422709200
https://ruprofil.ru,Аспро: Корпоративный сайт 3.0,9700050@mail.ru,+74959700050
https://geoexpert.ru,Аспро: Максимум,info@geoexpert.ru,84954144444
https://сксметиз.рф,Аспро: Максимум,ckc.perm@gmail.com,+73422020027
https://teplina.ru,,energy@teplina.ru,+73422410369
https://burovie.lndc.kz,,info@lndc.kz,+77112918034
https://vintc.ru,Аспро: Next,info@vintc.ru,83422017045
https://profit-textile.ru,Аспро: Максимум,zakaz@profit-textile.ru,88002224933
https://bus-rus.com,Аспро: Максимум,shop@bus-rus.com,84012999922
https://benefit-bio.ru,Аспро: Лайтшоп,benefitdirect@yandex.ru,+79195988688
https://santekhdesign.ru,Аспро: Максимум,info@santekhdesign.ru,+74953236062
https://бояртекс.рф,Аспро: Максимум,zakaz@boyartex.ru,88002228655
https://masterplitkin.ru,Аспро: Максимум,ekaterinamp44@yandex.ru,+74942427646
https://xiaomistore.online,Аспро: Максимум,,
https://pittools.by,Аспро: Максимум,maimarket@mail.ru,+375336665454
https://ermmarket.by,,market@erm.by,+375296179126
https://mekka.com.ua,Аспро: Максимум,,
https://instrumentdon.ru,Аспро: Next,,88005000750
https://tech-club.ru,Аспро: Next,info@tech-club.ru,+78634431100
https://mebelpiramida.com,Аспро: Максимум,piramidamos@yandex.ru,+79295877747
https://komplekto.ru,Аспро: Next,,
https://zakupi-opt.ru,Аспро: Next,opt@zakupi-opt.ru,+74993466234
https://www.kbtmag.ru,Аспро: Максимум,info@kbtmag.ru,+79855531380
https://vtprint.pro,Аспро: Корпоративный сайт современной компании,info@vtprint.pro,88002014170
https://ex-nagrev.ru,Аспро: Корпоративный сайт 2.0,info@ex-nagrev.ru,88432507225
https://texniko59.ru,,,8 800 555-34-78
https://phoenix-tkp.ru,,zakaz@tkp.perm.ru,+73422444544
https://f5it.ru,Аспро: Максимум,,
https://alfagroup.su,,info@alfagroup.su,+73422338187
https://rts2000.ru,Аспро: Максимум,info@rts2000.ru,+78126430113
https://www.metall-company.ru,Аспро: Корпоративный сайт 2.0,info@metall-company.ru,+78127029080
https://remzzzona.ru,Аспро: Корпоративный сайт современной компании,remzzzonainfo@yandex.ru,+74957909626
https://td-mkz.ru,Аспро: Корпоративный сайт 3.0,zakaz@td-mkz.ru,+73512362313
https://устункарли.рф,Аспро: Корпоративный сайт 3.0,sale@ustunkarli.by,+79120769225
https://transform-m.com,Аспро: Корпоративный сайт 2.0,tm@tmprom.ru,+78123855620
https://agrosoiltrade.ru,Аспро: Оптимус,,+74954812232
https://veloxdom.ru,Аспро: Стройка 2.0,,
https://pfgm.ru,Аспро: Корпоративный сайт 2.0,,
https://tkanel.ru,Аспро: Максимум,,
https://teplokontakt.ru,Аспро: Маркет,zakaz@teplokontakt.ru,+74993254020
https://warmlystore.ru,Аспро: Лайтшоп,office@warmlystore.ru,88003019252
https://mol777.ru,Аспро: Next,info@mol777.ru,+79255076249
https://www.union-mebel.ru,Аспро: Максимум,mailto:,88002343176
https://light-decor.ru,Аспро: Лайтшоп,,74997557949
https://sykt.sodrk.ru,Аспро: Максимум,all@sodrk.ru,+78212400450
https://masterdi61.ru,Аспро: Next,sales@masterdi61.ru,+79085040131
https://invertory.ru,Аспро: Максимум,info@invertory.ru,88003505257
https://shop.zdphiolent.ru,Аспро: Next,shopphiolent@gmail.com,88005502197
https://foxkom.ru,Аспро: Корпоративный сайт,,89286074233
https://electromall.by,Аспро: Next,electromall@list.ru,+375445365544
https://gameshock174.ru,Аспро: Максимум,gameshock174@gmail.com,+73512003306
https://gk-lynx.ru,Аспро: Максимум,zakaz@gk-lynx.ru,+74951978328
https://gbi-grand.ru,Аспро: Корпоративный сайт 2.0,gbi-grand@mail.ru,+73432709690
https://mishop74.ru,Аспро: Максимум,info@mishop74.ru,+73517010103
https://e-mould.ru,,e@e-mould.ru,88003014164
https://truboplast74.ru,Аспро: Корпоративный сайт 2.0,279444@bk.ru,+79631558727
https://www.ecorad.com,Аспро: Корпоративный сайт современной компании,info@ecorad.com,+78005050412
https://akvasist.ru,Аспро: Корпоративный сайт 2.0,support@beget.com,
https://a-montage.ru,Аспро: Корпоративный сайт 2.0,master@a-montage.ru,89812456505
https://www.pkfpkv.ru,Аспро: Корпоративный сайт 3.0,info@pkfpkv.ru,+73433822919
https://nordtechno.com,Аспро: Корпоративный сайт 2.0,nordtechno-spb@yandex.ru,88003507068
https://marita.ru,Аспро: Максимум,marita@marita.ru,+78123311718
https://wczone.ru,Аспро: Максимум,info@wczone.ru,+74993933333
https://www.rondini.ru,Аспро: Корпоративный сайт 3.0,info@rondini.ru,+74952555657
https://www.ceram-kioto.ru,Аспро: Максимум,mailto:,+74955893685
https://abada.ru,Аспро: Корпоративный сайт 3.0,info@abada.ru,
https://dalle.market,Аспро: Лайтшоп,info@dalle.market,+74952808129
https://inmyspace.ru,Аспро: Максимум,mail@inmyspace.ru,+74993911534
https://hypermop-dv.ru,Аспро: Next,mail@hypermop.ru,84232776655
https://kabel.by,Аспро: Максимум,torex@kabel.by,+375175002840
https://www.microsystemy.ru,Аспро: Next,info@microsystemy.ru,+74952342332
https://temir.ru,Аспро: Корпоративный сайт 2.0,zakaz@temir.ru,+79202023488
https://sheykobox.ru,Аспро: Корпоративный сайт,mail@sheykobox.ru,+79614073399
https://prominvest.biz,,16707@mail.ru,+78634431155
https://zemledelica.ru,Аспро: Next,,
https://revitech-service.ru,Аспро: Next,service@revitech.ru,+73422999942
https://vodeco.ru,Аспро: Корпоративный сайт 2.0,,
https://dom-na-vavilova.ru,Аспро: Максимум,dom-na-vavilova@tcdom.ru,+78632688788
https://rumexbaltics.eu,Аспро: Корпоративный сайт 2.0,info@rumexbaltics.eu,+37167148083
https://fermerdv.ru,Аспро: Максимум,sale@fermerdv.ru,+79098892720
https://shopmangal.ru,Аспро: Корпоративный сайт современной компании,info@shopmangal.ru,+78452347564
https://железная-мебель.рф,Аспро: Максимум,sale-msk@gmtorg.ru,84957439509
https://www.b2b.vimis.ru,,j_kruglova@list.ru,+78124599719
https://pechs.ru,Аспро: Максимум,info@pechs.ru,+79219087832
https://4villa.ru,Аспро: Лайтшоп,,
https://www.komplektuem.com,Аспро: Next,,+7(3952)40-30-22
https://salonceramo.ru,Аспро: Маркет,,+7(3952)72-62-99
https://zhest39.ru,Аспро: Корпоративный сайт 2.0,sales@zhest39.ru,+74012401000
https://irobs.ru,Аспро: Максимум,zakaz@irobs.ru,88007770201
https://alterv.ru,Аспро: Next,rnd@alterv.ru,+7 (863) 320-20-19
https://pk-kompressor.ru,Аспро: Максимум,sales@pk-kompressor.ru,+74952601305
https://nppkompozit.ru,Аспро: Корпоративный сайт 2.0,zakaz@nppkompozit.ru,88003002663
https://www.crevis.ru,Аспро: Максимум,crevis@crevis.ru,+73832279909
https://mps-66.ru,Аспро: Корпоративный сайт 2.0,20mps-66@mail.ru,+73432900909
https://speroni-russia.ru,Аспро: Next,zakaz@speroni-russia.ru,88123269240
https://compressor.market,Аспро: Next,vozduh@dukon.ru,88004446459
https://elmon-saratov.ru,,office@elmon-saratov.ru,tel:8452398220
https://dveri-shik.ru,Аспро: Максимум,sale@dverishop24.ru,+79959008887
https://moskomcenter.ru,,info@moskomcenter.ru,+79654408090
https://mechtay.su,Аспро: Digital,mechtaymechtay@gmail.com,+79516846226
https://metaldesign.ru,Аспро: Корпоративный сайт 3.0,info@metaldesign.ru,+78312205800
https://магазинаудитория.рф,Аспро: Инжиниринг,Favorit_krasnodar@mail.ru,88612456733
https://alt-x.ru,Аспро: Next,info@alt-x.ru,88005511047
https://ads-nt.ru,Аспро: Оптимус,,
https://unistal-ural.ru,Аспро: Корпоративный сайт 2.0,info@unistal-ural.ru,83433821433
https://remontnpo.ru,Аспро: Корпоративный сайт 2.0,info@remontnpo.ru,+73437778885
https://www.kriogen.com,Аспро: Корпоративный сайт 2.0,ptk@kriogen.com,+73433636888
https://www.ctec.su,Аспро: Корпоративный сайт 2.0,post@ctec.su,+73433441000
https://myvilleroy.com,Аспро: Оптимус,,
https://avante.pro,Аспро: Корпоративный сайт 2.0,tmn@avante.pro,+73452531331
https://www.starmax.ru,Аспро: Корпоративный сайт 3.0,info@starmax.ru,+78123177189
https://irsap.com.ru,Аспро: Максимум,mkt@mktrus.ru,+78122094084
https://priborvdom.ru,Аспро: Next,info@piter.iw-studio.ru,+78126226828
https://smart-mount.ru,Аспро: Корпоративный сайт 2.0,,
https://www.stroycompassage.com,Аспро: Стройка,support@beget.com,
https://vlv-air.ru,Аспро: Максимум,,
https://seno-korm.ru,Аспро: Корпоративный сайт 3.0,senonasto@mail.ru,+79261947552
https://arm.ivsg.ru,,,
https://nkpromelectro.com.ua,Аспро: Next,,
https://tehnoresurss.ru,Аспро: Корпоративный сайт 2.0,info@tr-77.ru,+79307579999
https://nirex.store,Аспро: Корпоративный сайт 3.0,info@nirex.store,88002504210
https://hgazon.ru,Аспро: Ландшафт,info@hitgazon.dev.dialtest.ru,+79637164982
https://tuldom.ru,Аспро: Максимум,info@tuldom.ru,+74872794989
https://starfriend.ru,Аспро: Максимум,welcome@starfriend.ru,+74951233536
https://monument-slavy.ru,,muzgor@mail.ru,tel:2287547
https://www.etsk.ru,Аспро: Максимум,sale@etsk.ru,83432436003
https://terrapharm.ru,Аспро: Next,order@terrapharm.ru,+74950039303
https://merusshop.ru,Аспро: Максимум,zakaz@merusshop.ru,
https://stamm.ru,Аспро: Next,,
https://www.avtorsoft.ru,Аспро: Корпоративный сайт 2.0,yola@rarus.ru,+78362232444
https://nfond.com,Аспро: Next,info.nfond@yandex.ru,+79139153026
https://tdprint.ru,Аспро: Максимум,,
https://hiclick.ru,Аспро: Корпоративный сайт 2.0,,88043337628
https://tokishindenis.ru,Аспро: Максимум,,
https://www.mechatronics.ru,,sales@mechatronics.ru,+74957267815
https://torgomeb.ru,Аспро: Next,,+74959780164
https://fitprikid.ru,Аспро: Максимум,,
https://www.mos-expert.com,,info@mosexp.tmweb.ru,+74950551578
https://originals-shop.by,Аспро: Максимум,mail@originals-shop.by,+375293930232
https://nadibordo.ru,Аспро: Максимум,info@nadibordo.ru,+79697775200
https://fabmall.ru,Аспро: Next,info@fabmall.ru,+79102568457
https://www.richrocks.shop,Аспро: Максимум,order@richrock.shop,
https://optsport05.ru,Аспро: Next,optsport05@gmail.com,+70000000000
https://doctorimage.by,Аспро: Next,info@doctorimage.by,+375296690071
https://westtime39.ru,Аспро: Максимум,mailto:,tel:
https://homzon.ru,Аспро: Максимум,,
https://www.optimaplast.ru,Аспро: Next,zakaz@optimaplast.ru,+74872405755
https://trekking-shop.ru,Аспро: Максимум,trekking-shop@mail.ru,+79104223597
https://muzei-vasyurinskaya.ru,Аспро: Медицинский центр 3.0,vasyurinsk.museum@mail.ru,+79183468158
https://bars-guns.ru,Аспро: Максимум,info@bars-guns.ru,88122340537
https://profifit.shop,Аспро: Максимум,info@profifit.shop,88003015849
https://gorelkaygopnogin.ru,Аспро: Корпоративный сайт 2.0,noginsv@mail.ru,+79281253650
https://totflex.ru,Аспро: Максимум,,88002343294
https://www.winecellar.ru,Аспро: Максимум,,+78002006750
https://uralsculptor.com,Аспро: Максимум,,
https://naperstok.com,Аспро: Максимум,admin@biser.biz,
https://rs-en.ru,Аспро: Корпоративный сайт 2.0,info@rs-en.ru,+79993009220
https://stanok-park.ru,Аспро: Корпоративный сайт 3.0,info@stanok-park.ru,+78005001345
https://ntksib.ru,Аспро: Корпоративный сайт современной компании,2080808@mail.ru,+73832080808
https://td.eag.su,Аспро: Корпоративный сайт 2.0,info@td.eag.su,88002507589
https://cdip.ru,Аспро: Корпоративный сайт 2.0,,
https://рыбалка59.рф,Аспро: Максимум,fish@gun59.ru,+79822434777
https://alfamatic.ru,Аспро: Корпоративный сайт 2.0,sale@alfa-pet.ru,88003500767
https://экоматериалы.рф,Аспро: Максимум,mailto:sales@%D1%8D%D0%BA%D0%BE%D0%BC%D0%B0%D1%82%D0%B5%D1%80%D0%B8%D0%B0%D0%BB%D1%8B.%D1%80%D1%84,+74952601926
https://www.enerpred.org,Аспро: Стройка,info@enerpred.org,+74959611165
https://grinkom.ru,Аспро: Корпоративный сайт 2.0,info@grinkom.ru,+74951504663
https://multipump.ru,Аспро: Оптимус,info@multipump.ru,+7 495 320 01 15
https://sibrub.ru,Аспро: Оптимус,,8(383)2-973-973
https://stroikrasivo.ru,Аспро: Максимум,info@stroikrasivo.ru,tel:+7383%C2%A03102200
https://www.finalit.ru,Аспро: Максимум,,
https://shop.politape.ru,Аспро: Next,info@politape.ru,tel:3832362505
https://iteko-nsk.ru,Аспро: Корпоративный сайт 2.0,iteko@iteko-nsk.ru,+79139320301
https://ecostylensk.ru,Аспро: Корпоративный сайт 3.0,ecostyle.nsk@yandex.ru,+79139173590
https://tonyperotti.by,Аспро: Next,info@tonyperotti.by,+375296690084
https://koffer.by,Аспро: Маркет,,
https://mebel-bg.ru,Аспро: Next,,
https://paradsezon.ru,Аспро: Максимум,info@paradsezon.ru,+79177999954
https://present61.ru,Аспро: Next,koffersamsonite@gmail.com,79185563112
https://levili.ru,Аспро: Максимум,levili@levili.ru,89292198977
https://russian-watch.ru,Аспро: Максимум,,
https://evroobuv-shop.ru,Аспро: Максимум,info@evroobuv-shop.ru,+79198816415
https://komfortdom74.ru,Аспро: Стройка,office@k-d74.ru,+73517501115
https://www.chaika24.ru,Аспро: Корпоративный сайт 2.0,info@chaika24.ru,+74952121121
https://haprint.by,Аспро: Digital,hameleon.lida@gmail.com,
https://www.dssl.ru,Аспро: Оптимус,,88001009112
https://4il.ru,Аспро: Next,info@4il.ru,tel:8967066%E2%80%9364%E2%80%9384
https://rpk-ar.com,Аспро: Next,info@rpk-ar.com,tel:+74812543%E2%88%92234
https://craftspb.ru,Аспро: Максимум,info@craftspb.ru,88007777364
https://dialog-universal.ru,Аспро: Next,info@dialog-universal.ru,84952253672
https://mrg11.ru,Аспро: Корпоративный сайт 3.0,info@mrg011.ru,+78002001155
https://tropohod.ru,Аспро: Максимум,zakaz@tropohod.ru,+78005553680
https://melkom-market.ru,Аспро: Максимум,info@melkom-market.ru,88005056767
https://pradarclub.ru,Аспро: Корпоративный сайт 3.0,info@pradar.ru,
https://arbostuff.ru,Аспро: Лайтшоп,,88001001893
https://negabarit-trans.ru,,info@negabtrans.beget.tech,88004447039
https://neposeda.ru,Аспро: Максимум,info@neposeda.ru,+73833102804
https://moloko59.ru,,whitegold@moloko59.ru,+73422554444
https://grv-perm.ru,Аспро: Ландшафт,info@grv.perm.ru,88007007299
https://sportpoint.ru,Аспро: Максимум,,
https://времяспорта59.рф,Аспро: Оптимус,,+7342299-99-50
https://piercing.wiki,Аспро: Максимум,info@piercing.wiki,+7(980)122-55-55
https://permkonditer.ru,Аспро: Оптимус,,+73422777997
https://www.dub-rava.ru,Аспро: Максимум,dubrava-parquet@mail.ru,+79207752244
https://www.protherm.com.ru,Аспро: Корпоративный сайт 3.0,,
https://omnilux.ru,Аспро: Лайтшоп,shop@omnilux.ru,+78002226167
https://vaillant.com.ru,Аспро: Корпоративный сайт 3.0,,
https://b-park.ru,Аспро: Максимум,Info@b-park.ru,+74955803004
https://laminat-t-t.ru,Аспро: Максимум,mailto:,+79011478400
https://kuhni-na-dom.site,Аспро: Стройка,info@kuhni-na-dom.site,+79917077086
https://kontur-okna.ru,Аспро: Металл,tulakontur@yandex.ru,+79156989000
https://complex-centre.com,,mail@complex-centre.com,+74951358248
https://furnituranadom.ru,Аспро: Next,,
https://yamada-pump.ru,Аспро: Корпоративный сайт 2.0,zakaz@yamada-pump.ru,+74956656530
https://vaxon.ru,Аспро: Максимум,info@vaxon.ru,+74993009903
https://tdprint.ru,Аспро: Максимум,,
https://eventcomfort.ru,Аспро: Корпоративный сайт современной компании,Hello@eventcomfort.ru,+79166668001
https://pk-promet.ru,Аспро: Корпоративный сайт 2.0,info@pk-promet.ru,+73832884080
https://стройлабкомплект.рф,Аспро: Оптимус,,
https://gk-rte.ru,Аспро: Корпоративный сайт 2.0,info@gk-rte.ru,+74952215656
https://www.tara-szpi.ru,Аспро: Корпоративный сайт 2.0,zakaz@tara-szpi.ru,+73832631712
https://sizgo.ru,Аспро: Next,info@sizgo.ru,88005559080
https://avelontailor.ru,Аспро: Оптимус,,+79139137007
https://hl-style.ru,Аспро: Next,,
https://textorg-shop.ru,Аспро: Маркет,,88003330187
https://kais-shop.ru,Аспро: Максимум,info@kais-shop.ru,+79913651599
https://mm-alliance.ru,Аспро: Next,info@mm-alliance.ru,+78124484954
https://qoopixie.com,Аспро: Максимум,,
https://lambashop.ru,Аспро: Next,,
https://ru.cuvee.style,Аспро: Максимум,,
https://shopkrusher.ru,Аспро: Максимум,shopkovalboxer@mail.ru,88005501058
https://bellawoman.ru,Аспро: Максимум,info@bellawoman.ru,88007755015
https://vestaok.ru,Аспро: Корпоративный сайт 2.0,,
https://www.chelcad74.ru,Аспро: Корпоративный сайт 2.0,chelcad@mail.ru,+73512647417
https://mosvik.ru,Аспро: Максимум,office@mosvik.ru,+74992882812
https://autrade.ru,Аспро: Next,,
https://mosparking.ru,Аспро: Корпоративный сайт,mosparking@mail.ru,+74957965755
https://denvic.ru,Аспро: Next,sale@denvic.ru,88212400410
https://express-forma.ru,Аспро: Максимум,,
https://www.smartaids.ru,Аспро: Next,zakaz@smartaids.ru,88007002146
https://101pijama.ru,Аспро: Максимум,,
https://kanzmir.ru,Аспро: Максимум,,
https://patriotstroy.by,Аспро: Корпоративный сайт 2.0,info@patriotstroy.by,+375162562256
https://www.auratessu.ru,Аспро: Максимум,,+79533402350
https://dom-kotlov.ru,Аспро: Максимум,,
https://mgplitka.ru,Аспро: Next,sale@mgplitka.ru,+74997555852
https://mebelgrad.com,Аспро: Максимум,mebelgradonline@yandex.ru,+79199619595
https://tcm-stroy.ru,Аспро: Корпоративный сайт 3.0,,
https://колесоколяски.рф,Аспро: Next,mailto:info@%D0%BA%D0%BE%D0%BB%D0%B5%D1%81%D0%BE%D0%BA%D0%BE%D0%BB%D1%8F%D1%81%D0%BA%D0%B8.%D1%80%D1%84,74951828221
https://taurus-market.ru,Аспро: Максимум,info@taurusmarket.ru,88004440955
https://k-dsk.ru,Аспро: Максимум,market@k-dsk.ru,+79107060696
https://okna-const.ru,Аспро: Корпоративный сайт 3.0,mail@okna-const.ru,+74952910056
https://snacker-shop.ru,Аспро: Оптимус,sales@snacker-shop.ru,8800500-51-06
https://www.kladpoisk.ru,Аспро: Максимум,manager@kladpoisk.com,88007757059
https://dolphin-horeca.ru,Аспро: Максимум,info@dolphin-horeca.ru,+73422058141
https://www.rus-spice.ru,Аспро: Максимум,info@rus-spice.ru,+79035401919
https://zard-company.ru,Аспро: Максимум,info@zard-company.ru,+78123201375
https://npgss.ru,Аспро: Корпоративный сайт 2.0,coffee@sscomp.ru,+7 (812) 642-09-65
https://www.cleanpro.ru,Аспро: Корпоративный сайт 3.0,office@cleanpro.ru,88002509503
https://hsolod.ru,Аспро: Максимум,info@hsolod.ru,+7 (342) 273-71-70
https://publish.nstu.ru,Аспро: Корпоративный сайт,office@publish.nstu.ru,+73833463187
https://huntergo.ru,Аспро: Максимум,info@huntergo.ru,88007774759
https://mbcgear.ru,Аспро: Максимум,sale@mbcgear.ru,88002342303
https://ibcnanotex.ru,Аспро: Next,info@ibcnanotex.ru,+74957270529
https://labsys.ru,,office@labsys.ru,+73512009435
https://novapribor.ru,Аспро: Максимум,order@novapribor.ru,74955320042
https://www.7874260.ru,Аспро: Next,info@7874260.ru,+74998880777
https://zavodbiz.ru,,info@zavodbiz.ru,+79107371491
https://escs-company.ru,Аспро: Корпоративный сайт,,
https://robolabsusa.com,Аспро: Корпоративный сайт 2.0,,
https://plastgrup.ru,Аспро: Ландшафт,info@plastgrup.ru,+78124384116
https://moszamok.ru,Аспро: Максимум,info@moszamok.ru,+79160200400
https://detail-project.ru,Аспро: Корпорация,office@detail-project.ru,+78634327789
https://lemax-boiler.com,Аспро: Digital,info@lemax-kotel.ru,+78634312345
https://mirs24.ru,Аспро: Корпоративный сайт 2.0,info@mirs24.ru,+74952111550
https://marketnt.ru,Аспро: Максимум,info@marketnt.ru,88007005957
https://www.tris.by,Аспро: Корпоративный сайт 2.0,info@tris.by,+375297373322
https://www.lemax.ru,,lemax@lemax.ru,+78634312345
https://glindustrial.ru,Аспро: Корпоративный сайт современной компании,mail@glindustrial.ru,
https://cleanshop77.ru,Аспро: Максимум,,+79661817874
https://lemax-radiator.ru,Аспро: Стройка,info@lemax-radiator.ru,88002008078
https://dekorativnaya-raskladka.ru,Аспро: Маркет,sales@dekorativnaya-raskladka.ru,8(800)250-13-75
https://torgkomplekt24.ru,Аспро: Корпоративный сайт 2.0,to.komplekt@mail.ru,+79011115155
https://pechnik-berezhnoy.ru,Аспро: Стройка,info@pechnik-berezhnoy.ru,+79015188390
https://clean-star.ru,Аспро: Next,cleanstar@inbox.ru,+73422142501
https://rokz.ru,Аспро: Next,info@rokz.ru,+73422569588
https://trialkom.ru,Аспро: Корпоративный сайт,trialkom-msk@yandex.ru,+7 9854126743
https://лопасня-мебель.рф,Аспро: Максимум,mailto:info@%D0%BB%D0%BE%D0%BF%D0%B0%D1%81%D0%BD%D1%8F-%D0%BC%D0%B5%D0%B1%D0%B5%D0%BB%D1%8C.%D1%80%D1%84,+74994509970
https://рубленные-дома54.рф,Аспро: Стройка,berloga.rf@yandex.ru,+79139494286
https://k-market.pro,Аспро: Next,info@k-market.pro,+79237554821
https://saunabas.ru,Аспро: Next,magazin@saunabas.ru,tel:8807073308
https://mantra-opt.ru,Аспро: Next,mantra@mantra-opt.ru,84957293538
https://59fbuz.ru,Аспро: Корпоративный сайт,cgepo@mail.ru,
https://stroykeramika.ru,Аспро: Корпоративный сайт,zavod@stroykeramika.ru,
https://rsb-59.ru,Аспро: Корпоративный сайт,info@rsb-59.ru,+73422484149
https://flagman-perm.ru,Аспро: Корпоративный сайт,,8 800 555-34-78
https://epolki.ru,Аспро: Корпоративный сайт,elkipolki59@mail.ru,+73422554500
https://кварт-спецодежда.рф,Аспро: Корпоративный сайт,kvart-perm@bk.ru,+73422576103
https://pls-group.ru,Аспро: Корпоративный сайт,info@pls-group.ru,+7-952-663-30-00
https://jtd.gold,Аспро: Оптимус,,+7-800-551-20-07
https://joma-rus.ru,Аспро: Максимум,info@joma-rus.ru,+74999388713
https://grandbagazh.ru,Аспро: Максимум,info@grandbag.ru,+79533700603
https://voinmarket.com,Аспро: Максимум,zakaz@voinmarket.com,88006001193
https://tonyperotti.ru,Аспро: Next,shop@tonyperotti.ru,+79891178352
https://ducharme.ru,Аспро: Next,zakaz@ducharme.ru,
https://toponik.ru,Аспро: Next,info@toponik.ru,+74993946943
https://narpi.ru,Аспро: Максимум,sale@narpi.ru,+79122740823
https://sdoba66.ru,Аспро: Максимум,,+7 (922) 181-66-00
https://polazna.ru,Аспро: Курорт,info@polazna.ru,+79504493383
https://effect-sound.ru,Аспро: Максимум,,
https://fabmall.ru,Аспро: Next,info@fabmall.ru,+79102568457
https://horosho-rostov.ru,Аспро: Next,info@horosho-rostov.ru,+78633201042
https://sportcontinent.by,Аспро: Максимум,info@sportcontinent.by,+375296116655
https://yasenskaykosa.ru,Аспро: Курорт,,
https://made4u.by,Аспро: Маркет,made4u.by@gmail.com,
https://myerotictoys.ru,Аспро: Максимум,client@myerotictoys.ru,+79913649287
https://servis-bar.ru,Аспро: Максимум,info@servis-bar.ru,+79629607000
https://elcanto.ru,Аспро: Максимум,,+79531501520
https://dom-konditera.com,Аспро: Максимум,info@dk.ireshenie.ru,88001018053
https://oyster.market,Аспро: Максимум,oystermarket@yandex.ru,+74957431163
https://4zozh.ru,Аспро: Максимум,,
https://wind-bikes.ru,Аспро: Next,info@wind-bikes.ru,+74993909289
https://2cycle.ru,Аспро: Next,admin@2cycle.ru,88129557843
https://www.altai-tour.ru,Аспро: Курорт,,+74953747092
https://stroyline-chita.ru,Аспро: Максимум,delo@stroyline-chita.ru,+73022335577
https://sarhotel.ru,Аспро: Курорт,Zagreb64@bk.ru,+78452392539
https://all-paint.ru,Аспро: Максимум,info@all-paint.ru,88003500745
https://nelidovomebel.ru,Аспро: Корпоративный сайт 2.0,nelidovomebel@nelbt.ru,+74826651263
https://expert-discount.ru,Аспро: Next,info@expert-discount.ru,+79019887116
https://hoztorg-t.ru,Аспро: Максимум,s4@hoztorg-t.ru,88003021520
https://stroynel.ru,Аспро: Next,stroy@nelbt.ru,+79011179724
https://stezhki-dorozhki.ru,Аспро: Next,sales@stezhki-dorozhki.ru,+74942300595
https://rem159.ru,Аспро: Корпоративный сайт 2.0,,
https://tds-complekt.ru,Аспро: Корпоративный сайт 3.0,tds.taganrog@gmail.com,+79094361411
https://shop.kft.ru,Аспро: Next,kg@kft.ru,+78442970555
https://printsip.ru,Аспро: Оптимус,printsip@printsip.ru,+7495777-55-88
https://teharmatura.ru,Аспро: Next,sales@teharmatura.ru,84951184184
https://vigal.ru,Аспро: Корпоративный сайт 2.0,,+78124243536
https://zbo.ru,Аспро: Корпоративный сайт 2.0,zakaz@zbo.ru,+73532754267
https://tweld.ru,Аспро: Next,zakaz@tweld.ru,88002227742
https://sportpoint.ru,Аспро: Максимум,,
https://www.vg-trade.ru,Аспро: Корпоративный сайт 2.0,vgtrade@bk.ru,+79106687077
https://nt-welding.ru,Аспро: Максимум,,
https://eto-electro.ru,Аспро: Маркет,info@eto-electro.ru,8 (495)-790-94-26
https://in-him59.ru,Аспро: Корпоративный сайт 3.0,,8 800 555-34-78
https://pmz-perm.ru,Аспро: Корпоративный сайт,prmz.perm@gmail.com,+73422942299
https://lumosel.ru,Аспро: Максимум,info@lumosel.ru,88007077823
https://gek-perm.ru,Аспро: Корпоративный сайт,energouchet2012@mail.ru,
https://sibmedlab.ru,Аспро: Корпоративный сайт,info@sibmedlab.ru,+73833808610
https://sizcontract.ru,Аспро: Максимум,info@sizcontract.ru,+74954497318
https://delovoy-k.ru,Аспро: Максимум,,
https://uralem.com,Аспро: Корпоративный сайт,uralem@mail.ru,
https://navigator59.ru,Аспро: Корпоративный сайт,,
https://www.spk-stanki.ru,Аспро: Корпоративный сайт 2.0,info@spk-stanki.ru,+74956407626
https://стилькерамики.рф,Аспро: Next,support@beget.com,
https://zap-dom.ru,Аспро: Корпоративный сайт 3.0,9709466@mail.ru,+79859709466
https://mebeleconom.su,Аспро: Максимум,,
https://mebtown.com,Аспро: Максимум,info@mebtown.com,88002015868
https://steelline.bz,Аспро: Корпоративный сайт 2.0,steellinedoors@yandex.ru,+79052146464
https://alter-house.ru,Аспро: Максимум,,
https://www.bestdecorplace.ru,Аспро: Максимум,info@bestdecorplace.com,
https://progaz-perm.ru,,info@progaz-perm.ru,+79082640158
https://ooomb.ru,,info@ooomb.ru,+78003000008
https://zlatair.ru,,zakaz@zlatair.ru,+79167084142
https://rostovsports.ru,Аспро: Next,rostovsports@ya.ru,89044464422
https://tpk-astrum.ru,Аспро: Максимум,art@tpk-astrum.ru,+73912722223
https://первыйсадовый.рф,Аспро: Максимум,,
https://ecospice.ru,,import12@ecospice.ru,+79137243858
https://sibverk.ru,Аспро: Next,info@sibverk.com,83832000155
https://www.sibvishivka.ru,Аспро: Оптимус,,
https://miksanadv.ru,,rne1613@inbox.ru,+79025666457
https://arkada32.ru,Аспро: Максимум,arkada-market@mail.ru,+74832680716
https://cofeiro.ru,Аспро: Маркет,sales@cofeiro.ru,+79237752838
https://nerudnts.ru,Аспро: Корпоративный сайт 2.0,,8 800 555-34-78
https://www.okna-bms.ru,Аспро: Корпоративный сайт современной компании,zakaz@okna-bms.ru,+78123229322
https://kera-mart.ru,Аспро: Next,info@kera-mart.ru,88005505688
https://kubanskoe-pole.ru,Аспро: Максимум,kub-pole@yandex.ru,+79183337056
https://ms-avtograf.ru,Аспро: Максимум,ms-avtograf@yandex.ru,+73422349060
https://www.e-1.ru,Аспро: Максимум,best@e-1.ru,+74957447233
https://dollipops.ru,Аспро: Next,,
https://ttex.ru,Аспро: Максимум,info@ttex.ru,+7 (499) 288-77-10
https://boutiquetone.ru,Аспро: Максимум,info@boutiquetone.ru,+73422433898
https://www.knitshop.ru,Аспро: Оптимус,,+73832772115
https://ekip77.ru,Аспро: Максимум,info@ekip77.ru,+79999047702
https://tentmarket.ru,Аспро: Максимум,info@tentmarket.ru,+74959951516
https://yourfamilychef.ru,Аспро: Next,yourfamilychef@yandex.ru,83832911666
https://gr65.ru,Аспро: Максимум,info@gr65.ru,84242300504
https://raduga-optnsk.ru,Аспро: Оптимус,,
https://kznfishing.ru,,kzn-fishing@yandex.ru,+79872251551
https://komplektmebel.ru,Аспро: Next,KOMPLEKTMEBEL.22@yandex.ru,+73852991509
https://zladinox.ru,Аспро: Next,yu.kozlova@zlatoust-air.ru,+79507336690
https://www.lescompany.ru,Аспро: Корпоративный сайт современной компании,info@lescompany.ru,+74955426862
https://stalkrepej.ru,Аспро: Лайтшоп,sales@stalkrepej.ru,+74951500511
https://groupgt.ru,Аспро: Курорт,info@groupgt.ru,+78005007526
https://vsev1.ru,Аспро: Next,,+79200000001
https://arter.kz,Аспро: Next,arterkz@mail.ru,+77000200882
https://domdereva.ru,Аспро: Next,info@domdereva.ru,+74994502994
https://augustcoffee.ru,Аспро: Максимум,info@augustcoffee.ru,+79990061103
https://batyanya.ru,Аспро: Next,marketing@batyanya.ru,88007755989
https://funanyone.ru,Аспро: Максимум,,
https://worldpets.ru,Аспро: Next,,
https://shopkrusher.ru,Аспро: Максимум,shopkovalboxer@mail.ru,88005501058
https://jawsdealer.ru,Аспро: Максимум,info@jawsdealer.ru,84957992001
https://www.seafood-expert.ru,Аспро: Next,info@seafood-expert.ru,+74997484750
https://термывода.рф,Аспро: Ландшафт,upr@termyvoda.ru,+73512207766
https://grillandjoy.ru,Аспро: Максимум,shop@grillandjoy.ru,88003339912
https://get.run,Аспро: Корпоративный сайт современной компании,,
https://www.scovorodka.com,Аспро: Next,info@scovorodka.com,
https://www.eeel.center,Аспро: Оптимус,,+73432731947
https://vsego-navalom.ru,Аспро: Максимум,vsegonavalom@yandex.ru,88632262292
https://balasina.ru,Аспро: Корпоративный сайт 3.0,sergey@balasina.ru,+78124674090
https://color16.ru,Аспро: Next,info@color16.ru,88001000585
https://koster.pro,Аспро: Максимум,,
https://betoncomfort.ru,Аспро: Корпоративный сайт 2.0,info@betoncomfort.ru,+79178707077
https://worldtex.ru,Аспро: Максимум,,
https://simple-com.ru,Аспро: Максимум,,
https://gatemax.ru,Аспро: Корпоративный сайт 3.0,mail@gatemax.ru,+73512176877
https://valberg.biz,Аспро: Максимум,,
https://sharado-kk.ru,Аспро: Максимум,info@sharado-kk.ru,+79613221188
https://shkatulochka.com,Аспро: Маркет,,+79168815316
https://bioproducto.ru,Аспро: Максимум,,
https://more-prod.ru,Аспро: Максимум,info@more-prod.ru,+73952482552
https://rostov-svechi.ru,Аспро: Оптимус,zakaz@rostov-svechi.ru,+78003008346
https://tdarbat.ru,Аспро: Максимум,,
https://www.flex-sport.ru,Аспро: Next,opt@flex-sport.ru,89879111119
https://slopestyle.store,Аспро: Next,sale@slopestyle.com,+74957550434
https://megaextreme.ru,Аспро: Next,info@megaextreme.ru,+79301633552
https://tabaks.ru,Аспро: Максимум,info@tabaks.ru,
https://gameshock174.ru,Аспро: Максимум,gameshock174@gmail.com,+73512003306
https://gunfan.ru,Аспро: Маркет,,+79670332121
https://weelz.ru,Аспро: Корпоративный сайт современной компании,weelzpay@gmail.com,+7 (926) 597-22-55
https://lumar40.ru,Аспро: Корпоративный сайт 2.0,Lumar-kaluga@mail.ru,+74844467557
https://pfb32.ru,,zamorozka32@gmail.com,88002225412
https://krymwine.ru,Аспро: Next,info@krymwine.ru,+74952554470
https://lavkamasterovshop.ru,Аспро: Next,info@lavkamasterovshop.ru,+79213998218
https://azura-tkani.ru,Аспро: Next,info@azura-tkani.ru,89179451146
https://www.texnosila.by,Аспро: Next,info@texnosila.by,+375333344335
https://expertsna.by,Аспро: Next,info@expertsna.by,+375291331100
https://fregat-boats.ru,Аспро: Next,shop@fregat-boats.ru,+78126678800
https://evroplast-mos.ru,Аспро: Максимум,info@evroplast-mos.ru,84993947150
https://pechibani.com,Аспро: Максимум,stilbani@yandex.ru,88633112626
https://colorstone.by,Аспро: Максимум,,+375298356409
https://wasser-haus.ru,Аспро: Максимум,info@wasser-haus.ru,+78124679003
https://planarv.ru,Аспро: Корпоративный сайт 2.0,info@vorotaplanar.ru,89211588228
https://vasanti.by,Аспро: Next,info@vasanti.by,+375293588669
https://cherrydom.shop,Аспро: Максимум,info@cherrydom.shop,+79992857585
https://klenwood.ru,Аспро: Максимум,,
https://xsastore.ru,Аспро: Next,,
https://marel-group.ru,Аспро: Максимум,,
https://balttex.ru,Аспро: Next,shop.msk@balttex.ru,+74951986828
https://svetlion.ru,Аспро: Next,,
https://ct-e.ru,Аспро: Максимум,office@ct-e.ru,+73433020091
https://alwanto.ru,Аспро: Next,zakaz@alwanto.ru,+74959551817
https://interier-vyksa.ru,Аспро: Next,interuer@mail.ru,+79103900970
https://planeta-komforta.com,Аспро: Next,planeta-komforta@mail.ru,+79788909242
https://kamasana.ru,Аспро: Максимум,zakaz@kamasana.ru,+74957887779
https://silkwaycarpet.com,Аспро: Next,sale@koveritochka.ru,+78122333054
https://stroydvor.su,Аспро: Максимум,,
https://igrush.su,Аспро: Next,order@igrush.su,+79126456267
https://sam-stroy.ru,Аспро: Максимум,,
https://oskor24.ru,Аспро: Максимум,info@oskor24.ru,+79829249801
https://vannov.ru,Аспро: Максимум,mail@vannov.ru,88632850066
https://www.allfurnitura.ru,,sale@allfurnitura.ru,+79895264490
https://petfood.ru,Аспро: Максимум,order@petfood.ru,
https://oborydovanie-kivas.ru,Аспро: Максимум,k8800k@yandex.ru,+79675557372
https://klimatstandart.com,Аспро: Next,info@klimatstandart.com,88003020685
https://sila-instrumenta.ru,Аспро: Оптимус,,
https://z-metaliks.ru,Аспро: Корпоративный сайт,z-metaliks@bk.ru,8 383 363 07 55
https://rowhome.ru,Аспро: Максимум,,
https://tarkett-polexpert.ru,Аспро: Максимум,zakaz@tarkett-polexpert.ru,88005051843
https://www.raval.ru,Аспро: Максимум,zakaz@raval.ru,88003331805
https://calypso-sea.ru,Аспро: Корпоративный сайт 2.0,mailto:,tel:+7383234%E2%80%9290%E2%80%9241
https://rewik.ru,Аспро: Корпоративный сайт 2.0,rewik@rewik.ru,+73833635858
https://8marta-nsk.ru,Аспро: Корпоративный сайт 2.0,info@dhome.group,+78004442426
https://www.vigmebel.ru,Аспро: Максимум,info@vigmebel.ru,+79378777072
https://kupibasa.ru,Аспро: Максимум,,
https://4reklama.ru,Аспро: Максимум,msk_sever@4reklama.ru,+74951835667
https://askona.md,Аспро: Максимум,askona.saltea@gmail.com,+37379888908
https://megatoys.pro,Аспро: Next,hello@megatoys.pro,88007003352
https://kovka-eysk.ru,Аспро: Next,andryk71@list.ru,+79044449777
https://tris.group,,opt@s-tris.ru,88043336940
https://idecobar.ru,Аспро: Максимум,idecobar@yandex.ru,88005558653
https://timestroy.moscow,Аспро: Максимум,info@timestroy.moscow,+74991368333
https://dprofil.ru,Аспро: Корпоративный сайт 2.0,,+78462265005
https://interior.market,Аспро: Максимум,opt@interior.market,+7 (812) 313-21-83
https://megastroy-32.ru,Аспро: Максимум,info@megastroy-32.ru,84832587876
https://салонковров.рф,Аспро: Максимум,2164508@mail.ru,+73512164508
https://ol-tex.ru,Аспро: Максимум,zakaz@oltex.ru,+74956444049
https://mosaicfromchina.ru,Аспро: Корпоративный сайт 2.0,info@mosaicfromchina.ru,+74991747930
https://barrier-ural.ru,Аспро: Максимум,shop@barrier-ural.ru,+78003506465
https://forestgum.ru,Аспро: Максимум,orders@forestgum.ru,
https://pikformy.ru,Аспро: Максимум,,
https://masterdi61.ru,Аспро: Next,sales@masterdi61.ru,+79085040131
https://rubico.by,Аспро: Ландшафт,info@rubico.by,+375298258295
https://www.polivcentr.ru,Аспро: Ландшафт,info@polivcentr.ru,
https://mart54.ru,Аспро: Максимум,shop@mart54.ru,+73833832520
https://odislux.com,Аспро: Максимум,odislux@yandex.ru,+79608689557
https://lemax-radiator.ru,Аспро: Стройка,info@lemax-radiator.ru,88002008078
https://smartshapiro.ru,Аспро: Максимум,,
https://nosoroggroup.com,Аспро: Максимум,manager@nosoroggroup.com,88006004711
https://progres.com.ru,Аспро: Корпоративный сайт 2.0,gkvopt@gmail.com,+74950234528
https://www.lampart.ru,Аспро: Максимум,info@lampart.ru,+74951085381
https://samara-doors.ru,Аспро: Корпоративный сайт современной компании,samaradoors@mail.ru,+79677668588
https://хатико96.рф,Аспро: Next,zooved66@inbox.ru,+79122555317
https://i-stek.ru,Аспро: Next,,
https://www.tehnomix24.ru,Аспро: Оптимус,info@tehnomix24.ru,+79080435162
https://e-zooshop.ru,Аспро: Максимум,info@test.e-zooshop.ru,+79184320850
https://zoofashion.ru,Аспро: Максимум,zoofashion@yandex.ru,89258039607
https://smartgrp.ru,Аспро: Максимум,info@smartgrp.ru,+74993220898
https://608zz.ru,Аспро: Корпоративный сайт современной компании,608zakaz@gmail.com,+79266083905
https://www.atlantis-mebel.ru,Аспро: Максимум,info@atlantis-mebel.ru,88007071603
https://distwell.ru,Аспро: Next,info@distwell.ru,+7-495-215-15-24
https://tepline.ru,Аспро: Next,info@tepline.ru,+73432882852
https://shkaf.ru,Аспро: Максимум,info@shkaf.ru,+74952368118
https://www.ekopostel.ru,Аспро: Next,,
https://shop.logos-group.ru,Аспро: Next,shop@logos-group.ru,88007007502
https://www.catstep.ru,Аспро: Ландшафт,client@catstep.ru,+74997050355
https://polberry.ru,Аспро: Оптимус,zakaz@polberry.ru,88005053702
https://tsegla.by,Аспро: Максимум,,
https://rezipol.ru,Аспро: Корпоративный сайт 2.0,info@rezipol.ru,+74712785201
https://sibseed.ru,Аспро: Next,info@sibseed.ru,+74997045949
https://www.radio-tech.ru,Аспро: Next,km@radio-tech.ru,83833731095
https://patriotstroy.by,Аспро: Корпоративный сайт 2.0,info@patriotstroy.by,+375162562256
https://рубленные-дома54.рф,Аспро: Стройка,berloga.rf@yandex.ru,+79139494286
https://riberra.ru,Аспро: Максимум,,
https://diy1.ru,Аспро: Next,,
https://mamkaru.ru,Аспро: Маркет,,
